time,polarity,subjectivity,vader_sentiment
00:00:00,0.06292672442997119,0.3646577229334473,0.009868881118881123
00:01:00,0.02691069404158632,0.3650740746813978,-0.041787878787878804
00:02:00,0.04172499536974468,0.41334503662968664,-0.030730794701986742
00:03:00,0.03470493413452425,0.37970388118991893,-0.03462416107382553
00:04:00,0.0300283210203985,0.42171023320055023,-0.12993028169014073
00:05:00,0.024864023481133122,0.3899422759472592,-0.06463720930232555
00:06:00,0.01986440683985327,0.3673123495221709,-0.09130641025641026
00:07:00,0.03740451224472046,0.4168978228252742,-0.04494649446494463
00:08:00,0.027861979081169223,0.41673207432890547,-0.0724774647887324
00:09:00,0.04559968167146384,0.3842054179079166,-0.0474904290429043
00:10:00,0.04245235278189824,0.39845242906444195,-0.023109440559440555
00:11:00,0.013268124653124647,0.36754676285134624,-0.09169599999999999
00:12:00,0.015005679842644136,0.3819579394304988,-0.046163666666666665
00:13:00,0.004676807798682794,0.39016937587875106,-0.009542333333333347
00:14:00,0.030218618154332445,0.3988584426155856,-0.041249333333333305
00:15:00,0.012738856406603478,0.3911079215097072,-0.08590821917808215
00:16:00,0.045622816215158006,0.409870631836116,-0.03873221476510068
00:17:00,0.021165998230055175,0.39470170045125574,-0.03129644128113879
00:18:00,0.026361338379946784,0.3977098208934781,-0.03522459546925565
00:19:00,0.047021265305661274,0.37533788266170814,-0.055714765100671124
00:20:00,0.04053591003984361,0.40648766967298444,-0.04921048951048949
00:21:00,0.050008761284534464,0.3908018330784653,-0.06710034364261167
00:22:00,0.024794562560521257,0.3842288822552233,-0.07484717607973419
00:23:00,0.03378758217091555,0.3755001510510284,-0.025792280701754395
00:24:00,0.04236945081581824,0.3865223329888204,-0.014849315068493145
00:25:00,0.02258299407033546,0.3638026160314986,-0.08809605263157891
00:26:00,0.02465601091455129,0.38545851296161876,-0.05507458193979931
00:27:00,0.0626585685646187,0.36875532911227227,-0.05981492537313434
00:28:00,0.01252574546887436,0.37937398448112736,-0.065751552795031
00:29:00,0.025730310336123417,0.4306954810288779,-0.07334787234042552
00:30:00,0.05580786622381449,0.37386937727023967,-0.04193551724137936
00:31:00,0.027573593851910994,0.38464822678819444,-0.09759644012944986
00:32:00,0.05817068946708124,0.3696246013209686,0.0023756013745704512
00:33:00,0.0473314530693858,0.3652514536224922,-0.07098020477815703
00:34:00,0.04536675393729848,0.4153264046642761,-0.052076567656765625
00:35:00,0.046032672266005596,0.38895316897202864,-0.09076807017543859
00:36:00,0.01791389698415843,0.3898786368255323,-0.07140196078431366
00:37:00,0.03675468742590222,0.36942965770210495,-0.044257394366197175
00:38:00,0.028595439546789166,0.364547834318579,-0.059044554455445576
00:39:00,0.009462150719545492,0.398579095813595,-0.062393856655290104
00:40:00,0.014538561291402208,0.38528916969782384,-0.08096258741258738
00:41:00,0.03212237602862602,0.3915817204098454,-0.0069064189189189246
00:42:00,0.009153799521399827,0.37957243534261625,-0.07025239726027395
00:43:00,-0.007087186044481421,0.38060470533157376,-0.0633946619217082
00:44:00,0.00216202956808547,0.3907155763491169,-0.06249316770186336
00:45:00,0.06378522300315835,0.3938287575592058,-0.03602737226277375
00:46:00,0.03618730404619761,0.40947348772453795,-0.06980784313725488
00:47:00,0.03841803181125213,0.3812014030539453,-0.06194610169491525
00:48:00,0.04399235089031829,0.38517091905355566,-0.025310932475884222
00:49:00,0.0045966234621970204,0.37073624330322413,-0.05462490706319701
00:50:00,0.02139183673469389,0.4050094627300978,-0.00505555555555557
00:51:00,0.004670066389481287,0.37056109822998123,-0.0458886524822695
00:52:00,0.009973806111150304,0.37220458024628705,-0.11313523489932882
00:53:00,0.019316268888851507,0.4167120518190732,-0.10208061224489798
00:54:00,0.007075170583384868,0.3836016458321221,-0.08987366666666662
00:55:00,0.04081244436686767,0.3817491310851357,-0.012941342756183756
00:56:00,0.010472764569754538,0.35286732409881016,-0.05190334448160538
00:57:00,0.025649944271493905,0.39900417754606626,-0.05994203389830511
00:58:00,0.047819432841856725,0.3744065909175393,-0.07761114754098362
00:59:00,0.014097696334503371,0.3955354987644433,-0.050447014925373145
01:00:00,0.027352774009111555,0.3788789076689986,-0.05532058823529412
01:01:00,0.05463459657103719,0.40731366248315387,-0.01606677966101694
01:02:00,0.04302839675181093,0.42577222116261254,-0.06291529850746262
01:03:00,0.05261902871307257,0.39584279360734786,0.0005727272727272633
01:04:00,0.020345097023874718,0.3796402140072284,-0.11003432343234325
01:05:00,0.043615454839944647,0.37997921050061434,-0.026256794425087094
01:06:00,0.019751501602596085,0.3621254143641818,-0.08533999999999999
01:07:00,0.015520877790908437,0.40972030640430346,-0.06352358803986705
01:08:00,0.03158255321444544,0.39656740591859624,-0.014406315789473692
01:09:00,0.03721369907741436,0.40041967465404976,-0.027740277777777777
01:10:00,0.035390923081658934,0.37118885955846675,-0.05779161073825503
01:11:00,0.011075968422482029,0.4075468670753534,0.010361904761904765
01:12:00,0.025130090520022262,0.4064901238945608,-0.03845324232081913
01:13:00,0.049738253833279344,0.4099650092522116,-0.044618707482993174
01:14:00,0.007452673075147826,0.39321029782351313,-0.04396094276094275
01:15:00,0.027298100064271413,0.37241518263852197,0.013886363636363626
01:16:00,-0.0039834225899931,0.3550280153873901,-0.04647724358974356
01:17:00,0.026011605935603442,0.4086215278479064,-0.07099368421052635
01:18:00,0.013173561700065452,0.3914139913414347,-0.03208561403508774
01:19:00,0.04819766849312302,0.3823327836049682,0.008674061433447101
01:20:00,0.03202492322044382,0.4030846122982931,-0.014936610169491524
01:21:00,0.05583849866449535,0.37618553166103014,-0.008851827242524916
01:22:00,0.034251503155423316,0.3804573135832153,-0.055252525252525206
01:23:00,0.037126382288841575,0.3720851519695169,-0.0818814332247557
01:24:00,0.0331698837749185,0.37405015503676226,-0.026527083333333337
01:25:00,0.02795827134536336,0.35043253901416777,-0.09041721854304634
01:26:00,0.047001732713633435,0.35186744833362976,-0.06249280821917806
01:27:00,0.015395354595623419,0.36601108154423595,-0.09274229390681
01:28:00,0.028074832072114676,0.3579570099787493,-0.09572675585284278
01:29:00,0.027494662159840727,0.37870255430523264,0.005268243243243248
01:30:00,0.025978650901050202,0.3890717190465516,-0.005668456375838934
01:31:00,0.006833903645439236,0.3671481849801289,-0.07278954703832753
01:32:00,0.02070601254583041,0.39453055651731145,-0.048568211920529784
01:33:00,0.025428733489629363,0.3347630380269001,-0.0381993220338983
01:34:00,0.05080846664417695,0.38870689779708256,-0.005844295302013414
01:35:00,0.03642751907427676,0.35482569459361285,-0.07323686006825936
01:36:00,0.02165047165416414,0.37647069579599846,-0.018537966101694916
01:37:00,0.06445650206667157,0.38219090514005766,-0.023529152542372884
01:38:00,0.012130452998287402,0.36270102553143957,-0.07393089171974522
01:39:00,0.0005865511205556725,0.3853696759777053,-0.10914680851063827
01:40:00,0.02250093958684949,0.3751721191385502,-0.08352084805653712
01:41:00,0.0565717842866858,0.3413459329395289,-0.03594689655172413
01:42:00,0.047621374086764964,0.3773471439436421,0.007473941368078175
01:43:00,0.01795015638378633,0.372516563916247,-0.055542320819112666
01:44:00,0.020678037831759512,0.3712143003227144,-0.07004854368932036
01:45:00,0.027036286489411466,0.3660421213769427,-0.05613175675675675
01:46:00,0.038646828399626874,0.369704680166434,-0.04724514925373134
01:47:00,0.05641998014570831,0.3690207243463715,-0.010873786407766999
01:48:00,0.0015061381515904435,0.39053098324662827,-0.13464221453287192
01:49:00,0.03232339053401949,0.35513135083415837,-0.051952559726962465
01:50:00,0.02574240928743778,0.3570148734968385,-0.07684451827242522
01:51:00,0.01618807203789536,0.3707683596667694,-0.09088833922261474
01:52:00,0.025461931816745487,0.3764936896927462,-0.05925384615384617
01:53:00,0.027090370605995603,0.3483970405064155,-0.02750439189189192
01:54:00,0.02607292263637379,0.329518174369283,-0.014530584192439862
01:55:00,0.048019133875383875,0.3526195244570246,0.01849666666666667
01:56:00,0.04662985930904346,0.35239407188240063,0.005033660130718961
01:57:00,0.03403946351267781,0.42098695038427164,-0.0010560714285714327
01:58:00,0.01464878384268716,0.3770122872024026,-0.060680134680134626
01:59:00,0.061783317178519176,0.36429634872858796,-0.07418787878787877
02:00:00,0.05877815261994949,0.3439268523962532,-0.0667635416666666
02:01:00,0.061029605315319584,0.4150944292992873,-0.03174720279720282
02:02:00,0.03532476609097682,0.3575665158020147,-0.0292673758865248
14:42:00,0.047719533549425645,0.3438060597739727,0.00816770833333333
14:43:00,0.05357724700986867,0.39990425484456693,-0.06840909090909096
14:44:00,0.04877222077848976,0.3623722323986382,0.05282624113475182
14:45:00,0.04913020018561684,0.387052290471874,0.033996
14:46:00,0.06385288191331204,0.3915582335589751,0.04098408304498267
14:47:00,0.030719380219805414,0.3964834497827698,0.004311904761904758
14:48:00,0.015994174683341345,0.37655649470899455,-0.019081999999999988
14:49:00,0.011400977101869953,0.3784352020311843,-0.02246013513513514
14:50:00,0.03559027854324021,0.38674930405766667,-0.05244738675958188
14:51:00,0.030592337542155058,0.4212900831427293,0.006136496350364964
14:52:00,0.04281001053620101,0.3810872108491156,0.029261904761904767
14:53:00,0.0451462368459068,0.3526170473427075,-0.04964455445544556
14:54:00,0.04058474782309107,0.39711500564489155,0.012558333333333335
14:55:00,-0.009447411518213518,0.3695070311661792,-0.09242736842105263
14:56:00,0.04162851779320034,0.3593401255563955,-0.014210476190476197
14:57:00,0.024768241248668287,0.3976620594378602,-0.058271886120996444
14:58:00,0.05892536499649694,0.3643769866666763,0.05145083056478404
14:59:00,0.03559700491014485,0.37138150561358757,-0.03874505119453927
15:00:00,0.06705039278902915,0.3789642133960316,0.07317272727272733
15:01:00,0.046584749024449715,0.36149989308748126,0.01249823943661972
15:02:00,0.049485360246988165,0.3681458192508857,0.010978737541528255
15:03:00,0.019659359360446327,0.4053860038914389,-0.06215618729096988
15:04:00,0.04277126991616615,0.37221494396926924,0.008078546712802788
15:05:00,0.04108933030703863,0.39503744638848803,0.023863666666666665
15:06:00,0.051275461121755656,0.4084410856943766,-0.0040737201365187705
15:07:00,0.03334314607683056,0.37803992912658124,0.031795683453237404
15:08:00,0.045471102856395516,0.37526780901160867,0.059373263888888896
15:09:00,0.026253652004063186,0.37032377938216765,-0.053692434210526274
15:10:00,0.04355975522680661,0.39468748467920395,0.03395816326530616
15:11:00,0.027062150307121578,0.3560414342468943,-0.0028293103448275687
15:12:00,0.04112635947385948,0.4032777812927813,0.031222666666666666
15:13:00,0.027429054500026712,0.35489419686280776,0.012497999999999983
15:14:00,0.05434115540323873,0.36402863576238603,0.01089700000000001
15:15:00,0.07892434147773132,0.40194619194364933,0.05326677966101695
15:16:00,0.03367901177305939,0.4032599644623456,-0.005356666666666659
15:17:00,0.04835068304245864,0.3546852399268141,-0.012699647887323931
15:18:00,0.050604439626449595,0.4070461665810505,0.018269102990033217
15:19:00,0.051438745389044034,0.3843670020185132,-0.006835494880546083
15:20:00,0.01647285237040877,0.3585265317968953,-0.004960701754385953
15:21:00,0.049123378451503455,0.36303785167847646,-0.016134797297297304
15:22:00,0.03672730350747594,0.3685331238046755,-0.015650689655172426
15:23:00,0.05033142353121908,0.37622211643664255,-0.036955892255892304
15:24:00,0.07467300600409205,0.3816485927755971,0.03378707482993199
15:25:00,0.02964700639614135,0.34909467699735863,-0.056621799307958486
15:26:00,0.02444001382739006,0.40294951633441717,-0.01703729372937294
15:27:00,0.012230339132520416,0.3587215764758149,-0.019029746835443045
15:28:00,0.050822207884707905,0.37754736990725996,-0.0050696153846153755
15:29:00,0.02961563806871116,0.3319930087600353,0.030502657807308983
15:30:00,0.049861843377468365,0.3931962434566602,0.04488479729729729
15:31:00,0.030115479483039033,0.36764715351887955,-0.04267233333333332
15:32:00,0.0017923334535834405,0.3844009902311093,-0.039444999999999966
15:33:00,0.01985580781431972,0.34378147737623915,-0.005370666666666671
15:34:00,0.026831192385316095,0.377748024693901,-0.05946632302405498
15:35:00,0.03282458066714626,0.38142409915247644,0.005932653061224491
15:36:00,-0.0008390482816503208,0.37335908422643116,-0.05004863945578229
15:37:00,0.03523209082640078,0.3727758905802896,0.0006305084745762725
15:38:00,0.04506201382806691,0.3880690981868206,-0.04404315068493155
15:39:00,0.04575746686967161,0.37999957473628726,0.054359842519685064
15:40:00,0.043383200375728445,0.3612305643901728,0.016344410876132934
15:41:00,0.04048017138806611,0.38354319827346134,0.04955508771929823
15:42:00,0.05137962060094897,0.36773909349551726,-0.010801980198019784
15:43:00,0.04849136188233931,0.3909678835737732,-0.013753333333333354
15:44:00,0.06883680815418103,0.36189244835516043,0.08312135593220339
15:45:00,0.020517245066166208,0.40960442611887316,-0.04025173611111111
15:46:00,0.056069906676561955,0.37766465748888933,0.029822866894197955
15:47:00,0.05780232065553492,0.3773704079386225,-0.02472999999999998
15:48:00,0.058506098685265295,0.3626440255731922,0.05615133333333329
15:49:00,0.03346600564889256,0.3561762052211458,-0.025826999999999985
15:50:00,0.07043319908266338,0.3892857199282202,0.03356566666666667
15:51:00,0.0373259342990271,0.34507922543029435,-0.005738095238095245
15:52:00,0.02190003630408393,0.40385385070396995,-0.035405999999999986
15:53:00,0.03410896192652145,0.36346315121166295,-0.04987833333333332
15:54:00,0.048576945483924355,0.3912167550723491,0.020022108843537417
15:55:00,0.0494382757468395,0.3856410736790281,-0.009092831541218638
15:56:00,0.04188789375779169,0.3721545441047989,-0.020782653061224506
15:57:00,0.03794267510864866,0.3710603172602928,-0.042861986301369843
15:58:00,0.024480032453188007,0.3801264290329729,-0.0009723684210526235
15:59:00,0.02794767713979902,0.3780812609865588,0.004690378006872859
16:00:00,0.019352732414765997,0.39633433324897904,-0.023163805970149238
16:01:00,0.08114149963385206,0.4009484118419482,0.10069198606271786
16:02:00,0.07865621087116415,0.3858985573262389,0.04784735202492216
16:03:00,0.06816975809684145,0.40926383965605023,0.07338224637681161
16:04:00,0.07015886944845284,0.40672434263267654,0.04493533333333333
16:05:00,0.052545672799422787,0.40239736086444466,0.02030666666666669
16:06:00,0.06873382916522948,0.3853352750241011,0.08825742574257427
16:07:00,0.047513224910411045,0.382423995735083,-0.010232659932659937
16:08:00,0.03625125174648986,0.3763837036750727,-0.0055110000000000055
16:09:00,0.030500512143976668,0.3505581749667026,0.017807823129251724
16:10:00,0.04682060963861108,0.35424222332427396,-0.028843097643097667
16:11:00,0.0416585494317698,0.34261841857782865,-0.0109518771331058
16:12:00,0.030729617778724932,0.3608359981842125,-0.017632770270270267
16:13:00,0.04448928583740871,0.3842175219862932,-0.038530375426621154
16:14:00,0.047092725064856206,0.3705956782895305,0.031305901639344276
16:15:00,0.04500934241335186,0.35077885986305785,0.0315075471698113
16:16:00,0.043805474119782806,0.3896896309448559,-0.004753054662379414
16:17:00,0.04765172982094753,0.37857344790508046,0.007336263736263724
16:18:00,0.04822251984126984,0.3407102059977061,-0.009354687499999997
16:19:00,0.054003446454339306,0.37744140276059895,0.07491285714285711
16:20:00,0.028374687717799975,0.3605573883316229,-0.026457482993197244
16:21:00,0.03261812670354337,0.4024576318742986,-0.006838666666666652
16:22:00,0.04604846129103679,0.3820875149129756,-0.016291039426523296
16:23:00,0.029806641044141068,0.36007482661738616,-0.012849333333333336
16:24:00,0.0458766476248619,0.39527722321769954,-0.07368300000000001
16:25:00,0.050466847900776435,0.40317377931812476,0.004457666666666665
16:26:00,0.005812738095238099,0.3797378190636522,-0.016597666666666646
16:27:00,0.027263017701819776,0.3523299136241844,-0.06009236111111105
16:28:00,0.04640185693625288,0.3897399343847092,0.007560738255033563
16:29:00,0.03573720930934191,0.36706172769882456,0.02016666666666667
16:30:00,0.04751589298939072,0.37623073664074225,0.020757777777777778
16:31:00,0.048105767059848724,0.3697696642296982,0.008319047619047611
16:32:00,0.022400399486669966,0.35969186340374837,-0.03409081967213113
16:33:00,0.06685189288476487,0.39395178648725365,0.04937162629757783
16:34:00,0.056127747853693524,0.3672698732594566,-0.011119407894736845
16:35:00,0.053307869681915455,0.36787813073220654,-0.018044656488549606
16:36:00,0.01631712933963738,0.36597431737906033,-0.06073954983922832
16:37:00,0.04923846621239106,0.3423083007415681,-0.02771557093425604
16:38:00,0.010306085292814748,0.39063821219685946,-0.07710102739726028
16:39:00,0.06410007781436354,0.3766002302743374,-0.03487263513513514
16:40:00,0.03317745757653946,0.38282610840783626,-0.026437086092715216
16:41:00,0.03397965343672413,0.39819306379491576,-0.01808148148148148
16:42:00,0.03691172438672438,0.36026301337551325,-0.014248666666666661
16:43:00,0.009404875543191691,0.3910088013429323,0.011508934707903781
16:44:00,0.038505052800111274,0.3798380433829736,-0.04502302405498282
16:45:00,0.03791891781369896,0.3851952212116353,-0.009817171717171728
16:46:00,0.036118377332723786,0.36804171980477873,-0.03323231292517007
16:47:00,0.01858074352548037,0.3640861889572412,-0.018848771929824544
16:48:00,0.05520631550988693,0.3685809865464995,-0.016808591065292082
16:49:00,0.04731814866651957,0.3891453811898675,0.040275438596491235
16:50:00,0.03674236596204477,0.386011838825657,0.020032550335570453
16:51:00,0.04843900207827545,0.3768265386414171,0.02904048442906575
16:52:00,0.03382075255306549,0.38169778740198257,-0.04599682539682537
16:53:00,0.06478177993169844,0.40602271900248565,-0.006412547528517114
16:54:00,0.029943803287089486,0.36798973854342576,-0.045139610389610355
16:55:00,0.01768972258414007,0.3699182018987843,-0.0072090614886731255
16:56:00,0.042579572176794395,0.3925639547906705,-0.040838888888888904
16:57:00,0.05082192264257479,0.3735342928843835,-0.03414021739130434
16:58:00,0.04637240860990858,0.3687083633958633,-0.023868000000000007
16:59:00,0.02871925805675807,0.3662635925582354,-0.0668333333333333
17:00:00,0.06635838547034974,0.3434484490641635,0.03752733333333335
17:01:00,0.06252728233595577,0.38971660079653275,0.009396336996336995
17:02:00,0.025548463755430965,0.35783809799793415,-0.016825573770491806
17:03:00,0.04734458224126591,0.3978176061309566,0.014195918367346927
17:04:00,0.020509664994229165,0.3634916995613121,-0.03466203389830508
17:05:00,0.045303526211044644,0.3973923557053169,0.04577195571955721
17:06:00,0.035321425501175625,0.3946197363391491,0.07333564356435639
17:07:00,0.03082976966474505,0.4055166457561777,0.01937206896551724
17:08:00,0.03861680446012639,0.38816652058304457,0.04108972602739724
17:09:00,0.021041613798079322,0.3951096032001206,0.013804482758620699
17:10:00,0.05135013383294216,0.37226194344040386,0.005569254658385102
17:11:00,0.05422781761063012,0.3559523093261257,0.02493712121212121
17:12:00,0.05087159692159694,0.3659142706830208,0.022267000000000016
17:13:00,0.054983253579032776,0.404059118265693,0.04082922077922077
17:14:00,0.03843337713873429,0.3562283227119333,0.051582191780821934
17:15:00,0.04266676899489398,0.3786583018447601,0.020983666666666678
17:16:00,0.053280763218263215,0.3678177981740482,0.046311666666666675
17:17:00,0.05784666087605076,0.39194858753092887,0.06699756944444449
17:18:00,0.048383364092839796,0.3414873823778345,0.026986195286195266
17:19:00,0.0497647346924258,0.3805004189630698,0.0620549295774648
17:20:00,0.03154960532192678,0.3820752240374263,0.025276999999999994
17:21:00,0.046093977092381604,0.3722536215534498,0.05470446735395191
17:22:00,0.07040922833779975,0.3786001154143161,0.026021428571428584
17:23:00,0.03423224386724386,0.36004219211344224,-0.0018186666666666596
17:24:00,0.06028353750236579,0.4259444255178592,-0.01661122807017543
17:25:00,0.027454958909283497,0.37438863220787433,-0.004690816326530622
17:26:00,0.04888855887114498,0.3871397426099174,0.04786879432624112
17:27:00,0.0260048175072605,0.38090982556169883,0.030843648208469042
17:28:00,0.044446857155190506,0.38348991479199795,-0.007409615384615404
17:29:00,0.015190415115239539,0.39180015266494655,-0.04332313432835822
17:30:00,0.012510857141544133,0.39970343483901255,-0.0037277070063694287
17:31:00,0.03400598342641225,0.39237622067319,-0.006690845070422539
17:32:00,0.01969233419358421,0.38102084683834697,-0.004088000000000003
17:33:00,0.05493823155019587,0.37679205530360327,-0.06786866666666666
17:34:00,0.0438483717902468,0.3754812561050056,0.005108000000000019
17:35:00,0.05933867022663498,0.36593009746966443,0.006016095890410957
17:36:00,0.04225507638342083,0.3657811002480735,0.005885284280936442
17:37:00,0.02913034686614647,0.4263866822385229,-0.028306484641638235
17:38:00,0.038538786090652956,0.39638563584083075,0.0065689999999999915
17:39:00,0.02858004061084417,0.3685806163578486,-0.004626785714285718
17:40:00,0.01143049807335522,0.36908983308244403,-0.005888620689655188
17:41:00,0.025322200609458435,0.3914246029185883,-0.017615737704918026
17:42:00,0.02726110102828315,0.354213754299665,-0.046128522336769756
17:43:00,0.010524279012865168,0.3708174512559024,-0.0588570446735395
17:44:00,0.03133827249567991,0.3638096675428326,0.012943771043771065
17:45:00,0.04330490040713253,0.35686355068542575,-0.04170071428571428
17:46:00,0.01289874757677787,0.38622734580857476,-0.03347575757575757
17:47:00,0.008107168020819332,0.3720527224207322,-0.0702565789473684
17:48:00,0.034673662764942825,0.3587115423792829,-0.024162199312714787
17:49:00,0.06555040867269929,0.3761235836253693,0.010165172413793099
17:50:00,0.032886022654393866,0.38593441707843207,-0.024867000000000004
17:51:00,0.04199824013949012,0.37065923841590515,0.014233999999999995
17:52:00,0.04079694128402461,0.4084899728820562,-0.06040433333333334
17:53:00,0.05095460613520676,0.3802504374683759,-0.03731083916083916
17:54:00,0.029585893766221647,0.3590923750657356,0.0021554098360655745
17:55:00,0.024543023775166633,0.35121982580911165,-0.08496357142857143
17:56:00,0.05939125828324855,0.39003582352819555,-0.028609061488673142
17:57:00,0.0194688912519923,0.3884985821839981,-0.034251916376306625
17:58:00,0.05614992651058025,0.3700805088239716,0.0014657627118643988
17:59:00,0.016364277628501775,0.37903524147468115,0.0031358620689655166
18:00:00,0.055320180108364,0.39134554219280665,0.02705354609929079
18:01:00,0.0323586063873969,0.37222129882184857,0.024236458333333336
18:02:00,0.04340026676539833,0.359317934943346,-0.023576315789473678
18:03:00,0.02078576044447755,0.3721156761123865,0.011695723684210513
18:04:00,0.02518554546535974,0.36885146679949526,-0.04865089605734767
18:05:00,0.04293395647335266,0.398033605392589,-0.013334707903780055
18:06:00,0.027415057076681286,0.3732651825645459,-0.059393949044585954
18:07:00,0.047969624460994516,0.39341061569210767,-0.0012238754325259525
18:08:00,0.04705411194678872,0.3645552920904653,0.09205656565656566
18:09:00,0.06426628590325019,0.41115817894847645,0.051689
18:10:00,0.06360749401612498,0.3695428720640031,0.01874833333333333
18:11:00,0.02236922796017053,0.38445151241420267,0.008469759450171817
18:12:00,0.06048079659671356,0.3986011855951303,0.02931038062283739
18:13:00,0.038052699491866154,0.3419701867268535,0.0006223333333333311
18:14:00,0.01733753043064267,0.38659435196637587,-0.05618469387755095
18:15:00,0.03876050948891628,0.38354190452639014,-0.003211347517730499
18:16:00,0.05355424786375207,0.4020145973643977,-0.0005296052631578914
18:17:00,0.017363409938160785,0.3810935009834511,-0.017241528239202664
18:18:00,0.026569721184447222,0.35482121751599516,-0.0690801369863014
18:19:00,0.03782758136924806,0.37787551713332945,0.009626736111111114
18:20:00,0.018847656358817078,0.3959685790377755,-0.06832905405405404
18:21:00,0.04221313260152541,0.37765189234946067,-0.05896808510638298
18:22:00,0.04508990135798526,0.40840685326263537,-0.009111746031746037
18:23:00,0.06280328371950279,0.38713808724294757,0.002351879699248114
18:24:00,0.04218299481970116,0.36483346788426146,-0.012375873015873017
18:25:00,0.05758024061476448,0.39880663642029557,-0.04668666666666662
18:26:00,0.03885791426166427,0.3816035087839849,-0.043773999999999945
18:27:00,0.006900537775716351,0.38976189004558076,-0.057416666666666685
18:28:00,0.029061262726471065,0.39304011163219504,-0.022184
18:29:00,0.015320272767356107,0.35285197751322744,-0.01922433333333332
18:30:00,0.0520019839210764,0.3714052478787067,0.012842123287671224
18:31:00,0.03637339539545423,0.40186092579085664,-0.014808996539792396
18:32:00,0.002548819619132119,0.3845036323551947,-0.11093614864864865
18:33:00,0.004125790828596962,0.3839508307053657,-0.05118435374149659
18:34:00,0.016267114713084608,0.42248364682311607,-0.09121335616438356
18:35:00,0.0360739193181729,0.379584011263448,-0.04944948096885813
18:36:00,0.05165992731987795,0.40350181122179474,-0.007519736842105254
18:37:00,0.028848000759387753,0.36869502675153365,-0.05507191780821919
18:38:00,0.03037414159016098,0.412480671851222,0.005805501618122987
18:39:00,0.040792045919414044,0.3776224813356792,-0.04808028673835124
18:40:00,0.019959611478663077,0.3640925373996921,-0.07817123745819395
18:41:00,0.038504897778620394,0.3595744791429751,0.010667883211678829
18:42:00,0.06863395966703531,0.37057070904149936,-0.0030656357388316132
18:43:00,0.04229169666015095,0.3747838655713023,0.005253376205787782
18:44:00,0.042834757285252316,0.36311061441919534,0.006300660066006627
18:45:00,0.03963101666067767,0.3957046125563073,0.0009074576271186548
18:46:00,0.05845525476496267,0.3870167488900306,-0.07318178694158074
18:47:00,0.041543326719576744,0.3868690776859827,-0.03988533333333336
18:48:00,0.06026553688046976,0.3949210488430286,0.05623959731543624
18:49:00,0.03631381120997286,0.37271219777981335,-0.03198647686832742
18:50:00,0.03229282577584974,0.36037109002804485,0.029508223684210525
18:51:00,0.03491546883734384,0.38765405506030515,0.009641554054054058
18:52:00,0.022072078424865877,0.3982809551881852,-0.032287804878048755
18:53:00,0.02655843173791736,0.3841760026816095,-0.01879863481228669
18:54:00,0.039659213799838805,0.4052216745966745,-0.03409695945945945
18:55:00,0.02093872328020879,0.39834399815831,0.03879782608695649
18:56:00,0.047700956897098405,0.37457521258365317,-0.016657556270096466
18:57:00,0.040337389423189166,0.37150011855270465,-0.009338245614035049
18:58:00,0.0237778511997262,0.4064251011186107,-0.02455769230769228
18:59:00,0.046509825029701364,0.35478568477066724,0.007299646643109542
19:00:00,0.05827894993362621,0.34975292052405343,0.0097910071942446
19:01:00,0.04191364137405804,0.35266268577101934,0.01666566666666668
19:02:00,0.03687162468352178,0.3539542606077977,-0.013338585209003221
19:03:00,0.013828393668288846,0.34136407204313096,-0.026385665529010234
19:04:00,0.05948990450329737,0.40265753906155705,-0.004903716216216216
19:05:00,0.02981256699649557,0.3961442788142195,-0.04111466666666664
19:06:00,0.06108143341747235,0.3914084604357573,0.014621548821548825
19:07:00,0.02210877791884861,0.3574801381055799,-0.05692438162544169
19:08:00,0.06183000783547072,0.38583318776739844,-0.038496381578947386
19:09:00,0.04189275002208679,0.4036998148440749,0.002591785714285708
19:10:00,0.01867619085197212,0.37314116894390315,-0.025566250000000006
19:11:00,0.03152173473552261,0.3590774937688575,-0.03288290909090908
19:12:00,0.035281620488223475,0.374683588375449,-0.010524252491694362
19:13:00,0.03662650867495667,0.37624647552143364,0.007617449664429533
19:14:00,0.022403641001855278,0.35175649243283175,0.0009674999999999938
19:15:00,0.028594639237995892,0.3964381094910564,-0.013032167832167828
19:16:00,0.050007342917296076,0.33281713006613495,-0.04832032786885245
19:17:00,0.039042920271287966,0.38626173810653686,0.0052530201342282
19:18:00,0.0254132555223509,0.37578507125576427,0.004964012738853503
19:19:00,0.048590644153587374,0.4011202176140118,-0.008187588652482255
19:20:00,0.0233245974567149,0.38206433453030414,0.013951245551601417
19:21:00,0.029249611734781238,0.3752457830932404,-0.016755593220339003
19:22:00,0.054032479425336614,0.40989250633194746,-0.05310401337792639
19:23:00,0.04685193261984926,0.39338929513387844,-0.01997733333333336
19:24:00,0.021632455507455507,0.36405278379028383,-0.022884333333333323
19:25:00,0.04233803217737905,0.39207985342690593,-0.010349999999999984
19:26:00,0.044620295066968255,0.3861718808389552,-0.016247945205479446
19:27:00,0.08855019799764527,0.38306467488625356,0.06172382550335577
19:28:00,0.0569654817807965,0.37672960118305165,-0.06001525423728816
19:29:00,0.04285443528294248,0.4199791181373913,-0.029497841726618686
19:30:00,0.04622136697391797,0.37698605957534526,0.05087244897959185
19:31:00,0.029111908654319354,0.3665390951774882,0.026184459459459478
19:32:00,0.0426899958688265,0.3621650188521156,0.00012161290322580273
19:33:00,0.050746331563280296,0.39526628218950266,0.03322717770034843
19:34:00,0.010764147245993476,0.35300730672805897,-0.00672857142857144
19:35:00,0.04561785616122349,0.39694486094656195,-0.03433076923076923
19:36:00,0.01675234429548947,0.35429535039333426,0.003314193548387097
19:37:00,0.029734427609427592,0.3766247077624197,-0.022280338983050853
19:38:00,0.04776557807807806,0.35589396667521656,0.040000337837837845
19:39:00,0.038342150484889786,0.3511076827768246,-0.03218547854785479
19:40:00,0.03315116406411051,0.3363215394063611,-0.02201750000000001
19:41:00,0.05552194063652397,0.3827603515862443,-0.0022303333333333376
19:42:00,0.03586511123136124,0.37410298664298663,-0.042704666666666634
19:43:00,0.03170049744716495,0.40684060683243267,-0.024952464788732375
19:44:00,0.022809071801478065,0.3632368017096895,-0.0799897009966777
19:45:00,0.06199280515979248,0.39714681997911094,0.049174747474747496
19:46:00,0.025006039802914805,0.39230685274435284,-0.04511486486486484
19:47:00,0.023876086704790415,0.3701746669124614,-0.07474579124579125
19:48:00,0.04147861488978043,0.3755233148319793,0.0222494584837545
19:49:00,0.017028230234486238,0.34098636021838324,-0.023053355704697978
19:50:00,0.02909536484310371,0.3964040477684378,-0.03699415584415583
19:51:00,0.04194673692709409,0.396021535349919,-0.0033150877192982485
19:52:00,0.03299525745076852,0.37817757546913955,0.0015844827586206905
19:53:00,0.020280497264096555,0.3532033916962994,-0.016515248226950354
19:54:00,0.047360245674639624,0.38910658961404515,-0.01670471380471381
19:55:00,0.04185615445981297,0.3433950216450216,-0.004291986062717797
19:56:00,0.06118008474804588,0.38038213778909574,0.01778996763754046
19:57:00,0.029911815752021967,0.38169152252227867,0.021841580756013744
19:58:00,0.042027087542087546,0.37080050104216766,-0.03918700000000001
19:59:00,0.005568789585835041,0.40475869462058256,-0.004354895104895117
20:00:00,0.06369806825610395,0.36378390873480165,0.010293243243243247
20:01:00,0.05319917027417027,0.3686828611933875,0.0525817543859649
20:02:00,0.03882010213502149,0.36007234420298934,-0.03355903225806452
20:03:00,0.0054252873332154,0.32547769969439155,-0.007853546099290782
20:04:00,0.01687152555552463,0.38576548698347496,-0.026060606060606055
20:05:00,0.04045162156463527,0.3537120846238997,0.04491506849315068
20:06:00,0.03325631476366771,0.35074354370514516,-0.06557287581699343
20:07:00,0.03631908222249131,0.38437722340898345,-0.0530863636363636
20:08:00,0.018758485423767818,0.40289183208203133,0.0033468438538205923
20:09:00,0.01934844908782818,0.38017078621572076,-0.04378039215686274
20:10:00,0.033316847169320665,0.3659813956492402,-0.02071342756183744
20:11:00,0.06012233415060269,0.34498688778503245,-0.019242402826855114
20:12:00,0.038117564724932634,0.38089891789890196,-0.042616501650165034
20:13:00,0.04273919813070343,0.35789434778673346,-0.03912922535211269
20:14:00,0.043046466771043984,0.40561228910205327,-0.015325233644859812
20:15:00,0.037951443998302706,0.36618288554270034,0.023497445255474463
20:16:00,0.026593399418523612,0.38712627663145044,0.008077483443708608
20:17:00,0.04925290273872747,0.3653109667950733,0.02435910652920962
20:18:00,0.030543558488152427,0.3786642135406813,0.020527054794520525
20:19:00,0.00449955166004549,0.3463195662466147,-0.030034006734006732
20:20:00,0.030598590327396556,0.35494314406598126,0.02384671280276816
20:21:00,0.0457694038597489,0.3703914561360082,-0.011906440677966099
20:22:00,0.05438918683003505,0.3852484688114649,-0.007447916666666665
20:23:00,0.022246375756033197,0.3788151305961073,-0.017624149659863947
20:24:00,0.04947347929070618,0.3718005746630866,-0.016530718954248368
20:25:00,0.017782802123153005,0.36994632498755287,-0.008190175438596495
20:26:00,0.015028328986403527,0.3891182298263045,-0.021395986622073593
20:27:00,0.04310695704496812,0.3627141567881105,-0.03354478114478113
20:28:00,0.013594497500747494,0.36154168286980787,-0.07001621621621618
20:29:00,0.021696624021696906,0.3577379865572286,-0.01843707482993197
20:30:00,0.04716066560830636,0.36200022439695445,-0.01333907284768213
20:31:00,0.015933255526174247,0.34946036459435476,-0.034462758620689656
20:32:00,0.032807710001960866,0.39583915819630067,-0.040236236933797895
20:33:00,0.011548723127544794,0.34628023511343564,-0.0853184713375797
20:34:00,0.03947173010971713,0.3735244348304413,-0.06778776223776223
20:35:00,0.039989007999734684,0.4115810766981402,-0.01167152777777778
20:36:00,0.03539708961738665,0.37454526862942694,-0.01689669966996699
20:37:00,0.03232274986643499,0.371123502074627,-0.001205190311418678
20:38:00,0.01841140511861987,0.3635558571830145,-0.0344285234899329
20:39:00,0.036743263853584125,0.3725624511082697,-0.05461992882562278
20:40:00,0.009712213042630105,0.34517542474259905,-0.07932382550335568
20:41:00,0.03305717729612288,0.36974531515347847,-0.07392380952380956
20:42:00,0.044979926302131254,0.37874427206104194,-0.03331070234113713
20:43:00,0.04551827872231852,0.3751461474058078,-0.006645573770491791
20:44:00,0.011147184038262056,0.38332620512520815,-0.01659188191881919
20:45:00,0.042552783237471324,0.37334701102082823,9.642857142857552e-05
20:46:00,0.038686212337739674,0.4028282149934653,-0.031392604501607725
20:47:00,0.025459323738965287,0.36957660697826145,-0.0299731617647059
20:48:00,0.02138243335611757,0.39261934870076304,-0.047092763157894756
20:49:00,0.018154423701298748,0.3652318832787583,-0.09474166666666657
20:50:00,0.06296130727359686,0.37387075890190374,-0.031101010101010094
20:51:00,0.029603633364794088,0.3818697646153003,-0.023542905405405365
20:52:00,0.049710036627738506,0.3626347664585241,0.028799378881987574
20:53:00,0.018780655388824535,0.3792696707598186,-0.04969348659003831
20:54:00,0.04884044812230965,0.3543548317871336,-0.01776301369863014
20:55:00,0.02982330566906897,0.36306755492924975,-0.05057712418300655
20:56:00,0.04347590901845827,0.37696437717090453,-0.010205517241379301
20:57:00,0.052145286789042795,0.3952092993296254,-0.02270771812080535
20:58:00,0.023500700851710955,0.38853063139005906,-0.04330774410774408
20:59:00,0.0373631979428243,0.3485302452588931,-0.025512099644128133
21:00:00,0.039767228079302906,0.3796467330225834,0.017221428571428582
21:01:00,0.048485177226184374,0.3302633693910674,-0.0287298561151079
21:02:00,0.020033221963142122,0.3579624280653088,-0.005738368580060404
21:03:00,0.02703400250688854,0.3994556590434349,0.00970514705882353
21:04:00,0.017051701927105162,0.3608080253378641,-0.044199032258064506
21:05:00,0.06572956549202283,0.3629807541872145,0.01750204778156998
21:06:00,0.02850235748421232,0.38355910201052296,-0.022657347670250922
21:07:00,0.04337819728580599,0.3685404432236731,-0.02627926421404685
21:08:00,0.02685216805882666,0.39143396382113094,-0.04283728813559321
21:09:00,0.05605602904519955,0.3901366568851015,0.0039370967741935515
21:10:00,0.048175095598845606,0.3626739313772646,0.049834666666666666
21:11:00,0.02853815413091035,0.36754890630243975,-0.05017561837455826
21:12:00,0.014828440631596792,0.35430315720639644,-0.035668770764119596
21:13:00,0.011202690196903738,0.3756852335485985,0.018234146341463427
21:14:00,0.024372821149163414,0.3708710402871945,-0.03241026490066227
21:15:00,0.03182200808405554,0.39303972736873904,-0.051252054794520545
21:16:00,0.0240495683800082,0.37946079358955526,-0.023944097222222217
21:17:00,0.028343482266121104,0.39724116067228327,0.01751694352159469
21:18:00,0.039965959828872875,0.398596304806035,-0.011922448979591832
21:19:00,0.048084997914543334,0.38494821045957417,0.0105006993006993
21:20:00,0.032152658738229194,0.39023474498096966,-0.05783389261744962
21:21:00,0.06716180282895397,0.377474022078881,0.012829900332225919
21:22:00,0.020581434431573255,0.3989500320313671,-0.026400706713780923
21:23:00,0.05021109679316967,0.38752598480774436,-0.03192896551724139
21:24:00,0.023739293666309804,0.3845114103787492,-0.01196322580645161
21:25:00,0.04096535741711181,0.3784191771516335,-0.025804912280701725
21:26:00,0.035746961534877365,0.4090771796560694,-0.03230205479452056
21:27:00,0.04391083330879249,0.39895466468213076,-0.03398537414965986
21:28:00,0.04683830498205494,0.36712728860645544,-0.04150500000000001
21:29:00,0.04386076838559713,0.4010271773349683,-0.004748972602739724
21:30:00,0.018609935287915432,0.3799005270698153,-0.03625198675496684
21:31:00,0.051657859927596785,0.37311740028281365,-0.0050042105263157855
21:32:00,0.023721443193204003,0.37883802791277876,-0.07553920265780732
21:33:00,0.026140703797920283,0.3672322376935778,-0.05407628865979378
21:34:00,0.04554763453746505,0.3926221688230163,-0.01918474576271186
21:35:00,0.032914902171775014,0.4038294502684534,0.006517525773195871
21:36:00,0.08132691051149829,0.3579476825444569,0.07434874551971325
21:37:00,0.04673577524008559,0.3775020172994311,0.023202758620689632
21:38:00,0.023850267720846502,0.3836479691262651,-0.07119292604501608
21:39:00,0.023760261343594682,0.3878913643211889,-0.05485192982456144
21:40:00,0.01670362622416498,0.42242075443788035,-0.03352047781569965
21:41:00,0.051131210343256565,0.40525764084344973,0.02301353135313532
21:42:00,0.017198452217016578,0.3540120822979734,-0.06594455445544554
21:43:00,0.02864825785001224,0.4049195679239537,-0.03615754385964914
21:44:00,0.04830117569201471,0.38922412625109576,0.04960650684931501
21:45:00,0.024139343524370287,0.36501349770458213,-0.006029780564263319
21:46:00,0.0488587572973166,0.3934042783958036,0.005456610169491516
21:47:00,0.05054323720243709,0.35514916493241805,-0.08849717314487633
21:48:00,0.006383452881994547,0.37631320065736734,-0.08026166666666669
21:49:00,0.03877449981574284,0.3524828454769355,-0.014429893238434171
21:50:00,0.01685836917025037,0.36011894898281055,0.012115181518151837
21:51:00,0.04235810671127454,0.34475885816682034,0.03152431506849316
21:52:00,0.012565800251467243,0.36356050189225847,-0.025728145695364236
21:53:00,0.03414442964442963,0.3931201184081621,-0.027362318840579714
21:54:00,0.06929156927602903,0.395857012008402,0.011625949367088611
21:55:00,0.06565863894415913,0.4083481088274697,-0.013131159420289864
21:56:00,0.038287519264560095,0.41146971207400024,-0.0021170068027210887
21:57:00,0.046142294865829096,0.3849283740448237,0.014833224755700336
21:58:00,0.06572508614249686,0.36189363894274623,-0.0637908783783784
21:59:00,0.041736517437364895,0.3861723735774584,-0.055638644067796596
22:00:00,0.05918595849579893,0.3641500271628817,0.021493617021276598
22:01:00,0.03086592221640454,0.3928823894869487,-0.012508038585209014
22:02:00,0.05526880581560381,0.3995252899581718,0.012166206896551728
22:03:00,0.05350643172964603,0.3497635840890711,0.0031192307692307574
22:04:00,0.01460141279575804,0.36289847462942704,-0.044570666666666654
22:05:00,0.04595721587909089,0.37287875980956353,-0.03396047297297298
22:06:00,0.009824413007627297,0.36984932722920844,-0.048030333333333314
22:07:00,0.029803144974536733,0.40506153160190944,0.011005498281786938
22:08:00,0.03695133386965072,0.40677739156699566,0.029468316831683175
22:09:00,0.05117702535559679,0.3821882562708454,-0.04374500000000002
22:10:00,0.02286567135050742,0.3608252129018524,-0.07128491803278691
22:11:00,0.028329178864700467,0.38119066954228814,-0.05086474820143885
22:12:00,0.018103188824793046,0.38839427630440526,0.026431803278688524
22:13:00,0.04494222144222144,0.42136682299182354,0.011827027027027032
22:14:00,0.0349148521099556,0.3819981695254287,-0.03164982332155477
22:15:00,0.022682152835166645,0.3535500343021587,-0.06750446096654272
22:16:00,0.06453340608329274,0.3695648755062021,-0.0652520634920635
22:17:00,0.014436473205883144,0.35874504478153535,-0.11107759197324418
22:18:00,0.019650853833889547,0.4051959984683199,-0.0633834459459459
22:19:00,0.03811951033264402,0.3503679897504783,-0.09187168458781361
22:20:00,0.00394516128561414,0.39588381688253305,-0.17126797385620915
22:21:00,0.017921562564419694,0.38413938613981136,-0.07169863945578231
22:22:00,0.019695744281656335,0.3944311794340296,-0.0770420195439739
22:23:00,0.02073324665474835,0.4136878830196115,-0.10981569965870305
22:24:00,0.0225810052934236,0.4181492620574088,-0.11206241830065357
22:25:00,0.04064979184289531,0.388726836716923,-0.027591724137931033
22:26:00,0.03451916690549096,0.37118179911777455,-0.03997979094076656
22:27:00,0.05790880772621385,0.4266173548673549,-0.12874641638225232
22:28:00,0.02554754504087117,0.38556481718515756,-0.0830164983164983
22:29:00,0.02437545093795095,0.3666376428488494,-0.08966965517241371
22:30:00,0.04583100311994814,0.405980164600524,-0.040345394736842115
22:31:00,-0.007517232195550318,0.39334017937108084,-0.08147872340425527
22:32:00,0.0337690576147209,0.3793782361660762,-0.017238435374149666
22:33:00,0.03209712386432771,0.3830980212360875,-0.0943076655052265
22:34:00,0.029022342310932904,0.3993967348057112,-0.04439530201342278
22:35:00,0.036779000111899426,0.39960226876068905,-0.05243819444444444
22:36:00,0.029231351994392425,0.4067110653548623,-0.05741019736842104
22:37:00,0.01317526422584876,0.3266601369337431,-0.08016870503597118
22:38:00,0.020162439288421725,0.39292729530790094,-0.06337411003236243
22:39:00,0.0027303727836373924,0.3720550716624603,-0.07336082474226804
22:40:00,0.0005229908209075077,0.35419337768712766,-0.06977899999999995
22:41:00,0.01907586316681554,0.39915595950786437,-0.043839333333333355
22:42:00,0.0077700922919672925,0.3570064709210544,-0.09011133333333333
22:43:00,0.02144351868324471,0.35435435733723425,-0.08010650684931504
22:44:00,0.011326251438082547,0.34681683341277825,-0.1044876254180602
22:45:00,0.05615558729769258,0.38686158737299076,-0.023606315789473684
22:46:00,0.0069638171569049055,0.4004604409811956,-0.0365254966887417
22:47:00,0.029093941020097613,0.372256219791807,-0.06360142348754448
22:48:00,0.019354195002632503,0.4108753916722667,-0.11756148648648651
22:49:00,0.004526485509440054,0.3888300793622764,-0.0870083916083916
22:50:00,0.0012241550719811615,0.3722177719004641,-0.09049464882943144
22:51:00,0.011627355733258508,0.3620195064227183,-0.039770138888888876
22:52:00,0.02927429599713564,0.3896821906956772,-0.0706618881118881
22:53:00,0.055992971274798665,0.41083877173850136,-0.09153596214511041
22:54:00,-0.0017191701184506945,0.37944682241220024,-0.14140071942446047
22:55:00,0.003128563391235208,0.4101308928212467,-0.13463092783505157
22:56:00,0.03748830582359722,0.3677890255369109,-0.04879506578947369
22:57:00,0.03442908935431259,0.393664998979731,-0.04246385135135136
22:58:00,0.06506186517957356,0.41089061147186157,-0.06329000000000001
22:59:00,0.05638139704871848,0.41193966749079847,-0.09937799999999995
23:00:00,0.048433000068714344,0.3583046888737363,-0.042645666666666616
23:01:00,0.017502353703082316,0.35587330560425406,-0.06798327759197326
23:02:00,0.014699709304301136,0.3891250175561402,-0.08404829931972786
23:03:00,0.05420310948527324,0.3754370821132516,-0.052329122807017535
23:04:00,0.0073451406828736006,0.3825538820353081,-0.09631906354515049
23:05:00,0.004475052289947767,0.3560610464190605,-0.11589128919860628
23:06:00,0.021730439229563876,0.3862742428621278,-0.11395130718954256
23:07:00,0.01981135870502753,0.3461389437675027,-0.06350699300699296
23:08:00,0.012555686080211407,0.36746621902476345,-0.09360316455696205
23:09:00,0.02626526572095357,0.39343372324324705,-0.037401481481481466
23:10:00,0.025578157367324026,0.37968051295265604,-0.08759933333333336
23:11:00,-0.010482293980670607,0.3692005820658418,-0.11150979020979024
23:12:00,0.026580600678727726,0.40022876927890905,-0.06956840390879476
23:13:00,0.02563311788920552,0.36854766300017916,-0.05769755244755246
23:14:00,0.02186979191443477,0.3859727999631376,-0.08175342465753424
23:15:00,0.010903890196137578,0.38584172465487815,-0.07175923344947738
23:16:00,0.02869766994135683,0.3839110106597478,-0.11260942760942766
23:17:00,0.020557691398108067,0.3840857463369962,-0.1374926666666668
23:18:00,0.03742697564780899,0.37167750582750564,-0.07685799999999998
23:19:00,0.01974431541155091,0.3929556783912586,-0.07511877133105799
23:20:00,0.04355803504544724,0.3900972866581766,-0.09289508196721313
23:21:00,0.02006340977251116,0.3629761618452095,-0.06847025089605727
23:22:00,0.027351368277380394,0.38816325279486463,-0.03511498371335503
23:23:00,0.02253310209726025,0.36864531886528057,-0.065535
23:24:00,0.01726021846370684,0.38273635250254867,-0.10813687707641187
23:25:00,0.039779565151428935,0.3849656479024758,-0.05670465949820787
23:26:00,0.014381637896528186,0.3664749494961092,-0.09080407523510968
23:27:00,0.027736780080206577,0.40867221647112933,-0.05574456521739131
23:28:00,0.0072776078324547685,0.40333033014793207,-0.08349829931972784
23:29:00,-0.001973286242671427,0.3811770342885515,-0.11150704697986583
23:30:00,0.02924382836179374,0.3977247124791014,-0.03815757575757575
23:31:00,0.024064112525650983,0.3384547504625343,-0.13703992673992688
23:32:00,0.017931587152187477,0.3763417341749989,-0.049351644736842074
23:33:00,0.006981169508073483,0.39465469985662754,-0.11414403973509926
23:34:00,0.030804901043609938,0.3905662392027142,-0.04364673539518898
23:35:00,0.02950931388717103,0.3889995219914565,-0.07162799999999997
23:36:00,0.015672360509860508,0.3736033763304596,-0.09594633333333331
23:37:00,0.020103109768318108,0.37990948342552483,-0.10101566666666668
23:38:00,0.02990769603632701,0.41211345767768376,-0.08966833333333335
23:39:00,0.007076608257642738,0.35895924740967844,-0.0459248275862069
23:40:00,0.0423366506179006,0.4009688918908777,-0.04195567375886523
23:41:00,0.021103882580958716,0.3904097803708532,-0.06390380622837373
23:42:00,0.016377501902987347,0.3894670493865478,-0.053081553398058194
23:43:00,0.012333517192496427,0.41586330625920304,-0.06585248226950358
23:44:00,0.029945471544887737,0.41878036961427556,-0.054831730769230716
23:45:00,0.04329721799364659,0.38921263952560964,-0.04876804511278191
23:46:00,0.03585230504204446,0.35726131162496916,-0.08077263843648208
23:47:00,0.02390287653438762,0.3815082081881979,-0.04963682310469313
23:48:00,0.006446709457330371,0.3788815524375165,-0.0835565359477124
23:49:00,0.04391666022469596,0.32958953461504464,-0.07730142857142862
23:50:00,0.01910962413470503,0.3811488610873723,-0.08748025889967635
23:51:00,0.009442870470870956,0.39513458460069245,-0.13147312925170063
23:52:00,0.051205494816197815,0.3826496243672443,-0.03241993670886074
23:53:00,0.05416291152501117,0.38281150689958515,-0.03847366548042706
23:54:00,-0.012017382245295782,0.3837410142984628,-0.03918157894736843
23:55:00,0.015323900837293698,0.3807481047882833,-0.07431520270270267
23:56:00,0.03807184685684684,0.40812480602730616,-0.051905666666666635
23:57:00,0.015677396209390283,0.3768242182865819,-0.05338055555555557
23:58:00,0.02141648387034293,0.3587324567987319,-0.09003355704697984
23:59:00,0.008713425333560803,0.3864999024693606,-0.09422172413793099
