date,text,tone,score
4/16/2020,lagunita court center hilltop bench estate garden #grave just available. URL thereâs like it. #hope #love #lord #prayers #god #blessed #trustinthelord #ingodwetrust corona delâ¦ URL ,Joy,0.775857
4/16/2020,stay safe feel free .:. â¢ â¢ â¢ â¢ â¢ #quarantine #coronavirus #love #corona #dogsofinstagram #covid_19 #stayhome #stayathome #catsofinstagram #cat #cats #socialdistancing #dogs #adoptdontshop #china #instagoodâ¦ URL ,Joy,0.795705
4/16/2020,"ð¹ð­ thailand 10 day forecast 52 dead. wave ~42 day 4,785 case 67 deaths. case double 55.5 days. ð: URL 16/04 #covidthailand 3/4 ",Sadness,0.756774
4/16/2020,"ðºð¸ 10 day forecast 50,825 dead. wave ~140 day 9,985,197 case 139,793 deaths. case double 8.3 days. ð: URL 16/04 #covidus 3/4 ",Sadness,0.786832
4/16/2020,"hereâs oldie goodie. pre-corona era... looking portrait tattoo artist, come see!!!!! inbox appointments. oh hit speaker button. thatâs just ya boyâ¦ URL ",Joy,0.621997
4/16/2020,"ð¿ð¦ south africa 10 day forecast 41 dead. wave ~93 day 27,750,566 case 388,508 deaths. case double 11.2 days. ð: URL 16/04 #covidsouthafrica 3/4 ",Sadness,0.756774
4/16/2020,#salud #cheers birth #renejoaquintorres ð» finally got chance pic!!! #wedidit babycakesleyvatorres #corona #coronita #babyboy #babytorres #babytorres2020 #april2020â¦ URL ,Joy,0.834624
4/16/2020,"hereâs oldie goodie. pre-corona era... looking portrait tattoo artist, come see!!!!! inbox appointments. oh hit speaker button. thatâs just ya boyâ¦ URL ",Joy,0.621997
4/16/2020,corona ca wed apr 15th pm forecast: tonight clear lo 50 thursday sunny hi 73 ,Confident,0.727798
4/16/2020,"ð¨ð­ switzerland 10 day forecast 1,485 dead. wave ~118 day 146,116 case 2,046 deaths. case double 16.0 days. ð: URL 16/04 #covidswitzerland 3/4 ",Sadness,0.756774
4/16/2020,"ð¸ðª sweden 10 day forecast 1,835 dead. case double 13.0 days. ð: URL 16/04 #covidsweden 3/4 ",Sadness,0.53124
4/16/2020,"#repost USER ã»ã»ã» #womencrushwednesday remember jeilysa halloween? jeilysa gotten really bored came song called ""la corona"" enjoy! week day 30 miami beach, florida URL ",Joy,0.654288
4/16/2020,"dear traveller ð§³, yes open happy receive waiting tour âï¸ #supportsmallbusiness #happy #waiting #corona #coronavirus #panama #pool #swimmingpool #pool #casaareka #travelâ¦ URL ",Joy,0.899753
4/16/2020,"ðªð¸ spain 10 day forecast 24,692 dead. wave ~128 day 2,600,783 case 36,411 deaths. case double 24.2 days. ð: URL 16/04 #covidspain 3/4 ",Sadness,0.756774
4/16/2020,lagunita court center hilltop bench estate garden #grave just available. URL thereâs like it. #trustinthelord #ingodwetrust #christians #god #blessed #prayers #covid_19 #coronaâ¦ URL ,Joy,0.51451
4/16/2020,"questionâ¦ going wineâ¦ steel gold well fargo horse drawn wagon posse... stick em up...!!! corona, california URL ",Joy,0.737023
4/16/2020,"sunshine, rock rope need joy. ðªð¼ ðð» corona isnât bad hanging rock #utah #we got #climbing #climb #startemyoung #outside #socialdistancing #familytime #rockclimbingâ¦ URL ",Joy,0.711566
4/16/2020,#yaaaoooo post corona! collective piece beautiful priceless art.. craft be; perfect time sharpen sword creative... zone zone zone! USER USER URL ,Joy,0.933023
4/16/2020,"ð©ð° denmark 10 day forecast 473 dead. wave ~87 day 47,670 case 667 deaths. case double 25.7 days. ð: URL 16/04 #coviddenmark 3/4 ",Sadness,0.73376
4/16/2020,kick shit triple! just like going kick shit #coronað¦ ð¦ ð¦ thanks west coast east coast cuzzin connection drinking milkshake ipa (strawberry) USER lake forest key â URL ,Anger,0.657811
4/16/2020,corona virus jiu jitsu ted .thank camera man leo #creditcardchoke #bjj #jiujitsu #teamsantosjiujitsu #ted #leosantos #cesargraciejiujitsu #tedmovie #graciefighter #jiujitsufamily #sanramonjiujitsuâ¦ URL ,Joy,0.525174
4/16/2020,caption hrithik roshan raghav dance plus â¢ â¢ â¢ â¢ â¢ â¢ #fashionblogger #fashion #fashionista #fashionstyle #faisusquad #tiktoks #tiktokers #instamoment #instamania #trand #lockdown2020 #corona #gocoronaâ¦ URL ,Joy,0.682694
4/16/2020,true blue morning! ð #trueblue #morning #homesweethome #gorgeousview #lockdown #quarantine #corona #covid_19 #sergiotee sloterplas URL ,Joy,0.642081
4/16/2020,"ðµð± poland 10 day forecast 529 dead. wave ~97 day 84,158 case 1,178 deaths. case double 15.6 days. ð: URL 16/04 #covidpoland 3/4 ",Sadness,0.756774
4/16/2020,power darn corona virus inside isolated cloud electrocuted it... ð§ #hope #rain #clouds #lighting #corona #miami #cuarentena #teampositivos #wonderful_places #godisgood USER URL ,Joy,0.617274
4/16/2020,"stanky booty cave creek &amp; carefree morning y'all! #walmart #cavecreek #toiletpaper #quarantinelife #mudbutt #corona cave creek, arizona URL ",Joy,0.552329
4/16/2020,oshhey king oya watch song wey everybody dey talk #lockdown2020 corona virus awareness song wey dey talk. iamveezy_jay check bio. superstar fit doâ¦ URL ,Joy,0.682409
4/16/2020,doe spending military country combined? â¬ï¸ corona case country combined. URL ,Confident,0.60167
4/16/2020,"#lifeinthetimeofcorona backstory: spotted man walking #bike street carrying bottle USER pulled camera. just then, friend called heâ¦ URL ",Tentative,0.920133
4/16/2020,"ð®ð· iran 10 day forecast 6,267 dead. wave ~115 day 649,170 case 9,088 deaths. case double 31.0 days. ð: URL 16/04 #covidiran 3/4 ",Sadness,0.756774
4/16/2020,"ð«ð· france 10 day forecast 24,680 dead. wave ~83 day 2,199,689 case 30,796 deaths. case double 11.1 days. ð: URL 16/04 #covidfrance 3/4 ",Sadness,0.756774
4/16/2020,"ð®ð³ india 10 day forecast 1,391 dead. wave ~116 day 1,016,710 case 14,234 deaths. case double 6.5 days. ð: URL 16/04 #covidindia 3/4 ",Sadness,0.756774
4/16/2020,corona ainât stopping seeing beautiful as flowers. #covid19 #quarantine #moodyports #portraitgames #portraitpage #creative_portraits #portraitvision #portrait_vision #aovportraitsâ¦ URL ,Joy,0.843873
4/16/2020,"ð¯ðµ japan 10 day forecast 377 dead. wave ~108 day 27,594,138 case 386,318 deaths. case double 10.7 days. ð: URL 16/04 #covidjapan 3/4 ",Sadness,0.756774
4/16/2020,live home qurentine #themanwiththegoldenvoice #sherrythesinger #polyplex #uttarakhandheaven #uttarakhandsingers #insta #instagood #instadaily #singersongwriter #corona #qurentinecreativity #qurentinelifeâ¦ URL ,Joy,0.828405
4/16/2020,"ð°ð· korea, south 10 day forecast 233 dead. wave ~34 day 17,126 case 240 deaths. case double 277.0 days. ð: URL 16/04 #covidkoreasouth 3/4 ",Sadness,0.824412
4/16/2020,"#goodmorning hard #workers regardless #corona etten-leur, noord-brabant, netherlands URL ",Analytical,0.724236
4/16/2020,"ð²ð¾ malaysia 10 day forecast 115 dead. wave ~85 day 13,711 case 192 deaths. case double 25.4 days. ð: URL 16/04 #covidmalaysia 3/4 ",Sadness,0.756907
4/16/2020,today case coronavirus india. #corona #todaycoronaviruscases #coronavirus #coronaviruscases #lockdown2 dhule smart city URL ,Confident,0.577118
4/16/2020,"itching workout? bring workout home incredible equipment! #homeworkout #corona #quarantine #mentalhealth roseville, california URL ",Joy,0.792624
4/16/2020,"itching workout? bring workout home incredible equipment! #homeworkout #corona #quarantine #mentalhealth roseville, california URL ",Joy,0.792624
4/16/2020,follow USER business growth. #badabusiness #drvivekbindra #businessgrowth #business #businessconsultant #businessgoals #education #learnathome #corona #lockdown #lockdown2020 #pune #punebusinessâ¦ URL ,Joy,0.560753
4/16/2020,"stage protection corona her, miss rona. just trying miss rona away can. too! supplies, dr. appointment walk/run.â¦ URL ",Sadness,0.699066
4/16/2020,"ð¤£ð¤£ððð¤£ð¤£ð¤£ð¤£ðððð¤£ð¤£ #facts #period #period #ariesseason #aries #thedefinitionofrealdcooking #thedefinitionofrealdirector #cardib #dmvchef #covid_19 #corona USER baltimore, maryland URL ",Analytical,0.560098
4/16/2020,"ð®ð¹ italy 10 day forecast 27,723 dead. case double 24.0 days. ð: URL 16/04 #coviditaly 3/4 ",Sadness,0.53124
4/16/2020,#coronavirus #corona #virus #quarantine #quarantinelife #art #artlife #artist #artistsoninstagram rainbow â¤ URL ,Joy,0.704461
4/16/2020,"ð·ðº russia 10 day forecast 900 dead. wave ~70 day 40,570,364 case 567,985 deaths. case double 4.1 days. ð: URL 16/04 #covidrussia 3/4 ",Sadness,0.756774
4/16/2020,stay strong creative. #lockdown #quarantine #coviìd19 #gocorona #coronamemes #corona stay home stay safe URL ,Analytical,0.720783
4/16/2020,"volcano teide glowing sunset. corona-confined best view magnificent volcano, dominates island. highest peak spain 3718m castsâ¦ URL ",Joy,0.732377
4/16/2020,"ð®ðª ireland 10 day forecast 1,116 dead. wave ~55 day 2,299,007 case 32,186 deaths. case double 7.3 days. ð: URL 16/04 #covidireland 3/4 ",Sadness,0.756774
4/16/2020,"family run. homeschooling pe. real agenda tired bed early tonight. #corona #homeschool #homeschooling #covid melbourne, victoria, australia URL ",Sadness,0.52278
4/16/2020,"entitled: self care #selfcare #corona #covid #blackmenhealing east garfield park, chicago URL ",Joy,0.53149
4/16/2020,corona who? im just patiently waiting turn rest year greatest story toldðªð½ðªð½ð¯ð¯ #pandemic #peace #socialdistancing #stayinside #isolation #selfisolationâ¦ URL ,Joy,0.675571
4/16/2020,#thatsme #comedy #funnyvideos hope bringing little smile ur face time corona.. know itâs hard pass.. till enjoy watching video share bring smile urâ¦ URL ,Joy,0.869813
4/16/2020,"ð³ð± netherlands 10 day forecast 4,943 dead. case double 14.7 days. ð: URL 16/04 #covidnetherlands 3/4 ",Sadness,0.528834
4/16/2020,"person save corona virus #jesuschrist believe say amen #twatangazainjilikwavipajivyetu nyali, coast, kenya URL ",Analytical,0.589295
4/16/2020,"crazy!!!! cnn just stated theory created corona virus laboratory wuhan china ð¦ ð¤ð¤ð¤ð¤ think? #coronavid19 #coviìd19 #coronavirus wuhan, china URL ",Joy,0.808805
4/16/2020,firm offer following attestation services: 1) true copy attestation 2) signature witnessing contact infoUSER #law #legal #employment #lawfirm #consultants #dubai #uae #covid19 #coronavirus #corona #attestation #truecopy #signature #witnessing URL ,Confident,0.73959
4/16/2020,#meme funny.. ð ... #coronapeechachodona ð.. credit amannehraofficial #funnymemes #funny #corona #coronasong #music #amirkhan #funnyvideos #anime #covid #quarantunes #quarantine #stayhomeâ¦ URL ,Joy,0.726806
4/16/2020,donât scared shadow. ð· #lightandshadow #shadowhunters #shadowwork #shadowselfie #coviìd19 #corona #stayhome #blackandwhite #fujifilm #x100v #fujifilmx100v #fujifilmme USER .. ð· link myâ¦ URL ,Fear,0.865231
4/16/2020,USER teacher #sudarshankriya session today school library. #sudarshankriya best solution improve #immunity. #yoga #pranayam #meditation prime answer #corona #challange &amp; #prevention.â¦ URL ,Joy,0.842929
4/16/2020,#lockdown #day20 gloomy day grey skies. gloom carried announcement people died infected #corona #virus. life #langa rest world right aâ¦ URL ,Sadness,0.799606
4/16/2020,darkest moment life focus light. ð· #lightandshadow #quoteoftheday #quotestoliveby #coviìd19 #corona #stayhome #blackandwhite #alseefdubai #alseef #fujifilm #x100vâ¦ URL ,Joy,0.783177
4/16/2020,"ð§ð¾ belarus 10 day forecast 239 dead. wave ~173 day 1,620,417 case 22,686 deaths. case double 5.0 days. ð: URL 16/04 #covidbelarus 3/4 ",Sadness,0.786832
4/16/2020,happy #4sqday away corona... (@ monik studio gym jakarta w/ USER USER USER USER URL ,Joy,0.704668
4/16/2020,bro quarantine jamming demo bag. super grateful moments. love easter dinner turned jam fest. making corona 2020 lockdown? miamiâ¦ URL ,Joy,0.873124
4/16/2020,"ð©ðª germany 10 day forecast 5,120 dead. wave ~94 day 504,624 case 7,065 deaths. case double 8.4 days. ð: URL 16/04 #covidgermany 3/4 ",Sadness,0.73376
4/16/2020,ððð¼ð ðððð ððð¼ð ðð¼ðð hello friends!!! time understand danger covid-19 corona virus thing seriously!!! time slow grateful thing taken granted !â¦ URL ,Joy,0.698876
4/16/2020,just quarantine dog. prolly #dog #dogsofig #puppy #pets #quarantine #covid #corona #champion #isolation #mansbestfriend #chicago #chicagoguy quarantine URL ,Joy,0.544012
4/16/2020,"ð®ð± israel 10 day forecast 193 dead. wave ~143 day 42,305 case 592 deaths. case double 17.4 days. ð: URL 16/04 #covidisrael 3/4 ",Sadness,0.756774
4/16/2020,pa system pa system immensely convenient emergency situation alerted immediately. #coronavirus #corona #pasystems #pasystem #electronicsecurity #automation #chennaiâ¦ URL ,Confident,0.848841
4/16/2020,tonight game #uno #socialdistancing lot laughs! mom won most! lol #corona #coronaquarantine #makingmemories #mommysgirls #kyliepaigeâ¦ URL ,Joy,0.824166
4/16/2020,"""red shoe"" boy join celebrate son oghoritse, lover almighty red shoe, lookalike mark sixth year earth. corona virus make celebrate theâ¦ URL ",Joy,0.774857
4/16/2020,"ð§ðª belgium 10 day forecast 7,570 dead. case double 9.3 days. ð: URL 16/04 #covidbelgium 3/4 ",Sadness,0.53124
4/16/2020,peach ð¾ #stayhome ... i'm gonna let outside ð« there's #corona #shotonmi #quarantine #thebarkedclub #kochi #instagood #mobilephotography #dog #barked #lightroom #doggoâ¦ URL ,Joy,0.652039
4/16/2020,"teddyâs windows. âdaily permitted walkâ family, seeing teddyâs rainbow ð displayed window brings smile face. #corona #coronavirus #corona2020 #coronavirus2020â¦ URL ",Joy,0.607486
4/16/2020,stay home stay safe #stayhome #staysafe #corona urdaneta apartment ayala avenue URL ,Analytical,0.620279
4/16/2020,finally stand-up comedy hard time #corona good luck ð #raga ... kaun banega crorepati URL ,Joy,0.683652
4/16/2020,"missing day corona stuff... #singing #singinglessons #corona #coronamemes #coronasucks bend, oregon URL ",Sadness,0.739544
4/16/2020,"speedway cafe.. that's place, double cheese burger day corona virus away... belly, smile face prepare enjoy rest bali holiday... come downâ¦ URL ",Joy,0.810024
4/16/2020,"ð®ð¶ iraq 10 day forecast 116 dead. wave ~48 day 10,547 case 148 deaths. case double 45.0 days. ð: URL 16/04 #covidiraq 3/4 ",Sadness,0.756774
4/16/2020,"ð§ð· brazil 10 day forecast 4,417 dead. wave ~145 day 1,604,722 case 22,466 deaths. case double 5.3 days. ð: URL 16/04 #covidbrazil 3/4 ",Sadness,0.756774
4/16/2020,"omonoiafootball omonoia fc corona epidemic #stayathome situation training, way work player youth academy. doing tactical analysis developmentâ¦ URL ",Sadness,0.520027
4/16/2020,"national art competition || covid-19 awareness campaign's professional artist -: alok bhushan title --:go corona virus medium :- water color size -:a3 prize-EMOJIshocked address :- sangrampur,munger ourâ¦ URL ",Joy,0.520724
4/16/2020,"ð§ð¾ belarus 10 day forecast 239 dead. wave ~173 day 1,620,417 case 22,686 deaths. case double 5.0 days. ð: URL 16/04 #covidbelarus 3/4 ",Sadness,0.786832
4/16/2020,"sale ððð slay effortlessly beautiful crated bling sandals. corona wonât forever, weâll party ð piece left size stated above. 9000 naira each. order send dm orâ¦ URL ",Joy,0.609556
4/16/2020,gurgaon sleeps. USER remember? #gurgaon #gurugram #metro #metropolis #city #class #citylife #dawn #mornings #people #solitude #travel #wanderlust #corona #quarantine #instagram #instagood #shotononeplus USER URL ,Joy,0.759618
4/16/2020,fought toe toe devil ð¹ ready run ... win lose ... USER ðð§¸ð #6thwonder #viral #explorepage #atl #atlanta #hockeyjersey #knife #mask #brand #clothingline #sale #corona.... jeansâ¦ URL ,Analytical,0.574477
4/16/2020,"thinking fucking corona virus ð¦ thing punch ð¤ð¼ ð¤ð½ disappears... need therapy! you, smiling post... link bio #electro #deephouse #techno #melodictechno #jmomcocoâ¦ URL ",Joy,0.522119
4/16/2020,covid19 (corona) virus highly prevaling country. war weâve win condition staying home.ð step start you. stopping start you. hope issue getâ¦ URL ,Fear,0.505776
4/16/2020,"#quarantine looking better &amp; betterðºð½â¤ï¸ð§ #thegoldenmindset #amonomics #quarantinefitness #stockholm #bahamian #covid19 #morningworkout #corona #successcoach #lifecoach #inspirationalspeaker stockholm, sweden URL ",Joy,0.756189
4/16/2020,"lockedð ð¯ð¤ð¤ð¤ board? know help way #train #corona #quarantine #test #stayhome #china #horse #covid #open #trump #nj orlando, florida URL ",Analytical,0.651365
4/16/2020,"ð¨ð­ switzerland 10 day forecast 1,546 dead. wave ~103 day 138,526 case 1,939 deaths. case double 17.6 days. ð: URL 16/04 #covidswitzerland 3/4 ",Sadness,0.756774
4/16/2020,covid-19 case overview. safe home all. let's hope recovery rate high! #officialhittheart #hittheart #hittheartchennai #chennai #lockdownextended #covid19cases #covid #covid19 #coronaâ¦ URL ,Analytical,0.811599
4/16/2020,"sketch book balamma studio today#lock down#stay home#crack corona#rabbit lovers#save animals#save nature#kapparikishan.com#drawing#art#mood#morning hour mahabubnagar, india URL ",Joy,0.689677
4/16/2020,"corona virus epidemic iconic.blackwomen award postponed till notice ðð god stay dark time officiallolaalao lagos, nigeria URL ",Fear,0.528491
4/16/2020,fabulous day off. great lunch beckshardwick finishing day driving range USER USER #corona #drivingrange #drivingrangeâ³ï¸â¦ URL ,Joy,0.864795
4/16/2020,"responsibility! stay home, stay safe! let flatten curve possible. together, responsible, defeat heady virus. #corona #covid_19 #covid #coro minna URL ",Tentative,0.902459
4/16/2020,"national art competition || covid-19 awareness campaign's professional artist -: alok bhushan title --:go corona virus medium :- water color size -:a3 prize-EMOJIshocked address :- sangrampur,munger ourâ¦ URL ",Joy,0.520724
4/16/2020,teared old sauna door new sauna totally different. #boredathome #corona #renovating. #vacation #stayhome karjaa URL ,Confident,0.957479
4/16/2020,corona-rain! #coronarain annak art studio URL ,Joy,0.500611
4/16/2020,"slayer mule black bling multi corona wonât forever, weâll out, advantage ongoing price slash shop items. available size 37.5 -40 piece left sizesâ¦ URL ",Confident,0.895883
4/16/2020,"ðªð¸ spain 10 day forecast 25,245 dead. wave ~132 day 2,612,833 case 36,580 deaths. case double 24.2 days. ð: URL 16/04 #covidspain 3/4 ",Sadness,0.756774
4/16/2020,ððð¼ð ðððð ððð¼ð ðð¼ðð hello friends!!! time understand danger covid-19 corona virus thing seriously!!! time slow grateful thing taken granted !â¦ URL ,Joy,0.698876
4/16/2020,"scare #corona #repost USER USER ã»ã»ã» this. santa monica, california URL ",Fear,0.532504
4/16/2020,"don't â£u*ïg second chance!... live moment!... happy!.. spread love corona!... #happylife #coronaquotes kanyakumari, india URL ",Joy,0.909204
4/16/2020,#throwbackthursday #emsedition #emslife part2 new student emt. interning corona volunteer ambulance shea stadium. partner jason entrigger shea stadium URL ,Joy,0.515107
4/16/2020,"ð¸ðª sweden 10 day forecast 2,101 dead. wave ~178 day 412,061 case 5,769 deaths. case double 6.5 days. ð: URL 16/04 #covidsweden 3/4 ",Sadness,0.756774
4/16/2020,love ðð¤â¤ï¸ corona del mar subdivision URL ,Joy,0.739393
4/16/2020,day 24 lockdown training! run ab sesh complete! #run #gym #workout #ironman #triathlon #training #fitness #davesgym #20minutefitness #corona #covid19 #coronaviruslockdown #stayathome #protectthenhs #savelives USER URL ,Joy,0.859861
4/16/2020,"minimize way eat, saying no. don't worry. eating everything. force little walkout corona reconfigure disfigured shape. #covid #covid_19 #corona #sport quarantine URL ",Analytical,0.850751
4/16/2020,"ð¹ð­ thailand 10 day forecast 52 dead. wave ~33 day 4,386 case 61 deaths. case double 58.0 days. ð: URL 16/04 #covidthailand 3/4 ",Sadness,0.756774
4/16/2020,stay safe stay in! tide turning....... #covid19 #corona #florinutrecht #florin23years #wellmeetagain florin utrecht URL ,Analytical,0.560098
4/16/2020,#historyrepeats #coviìd19 #knowledge #corona #plagueb#cholera #spanishflu #sutherland #kelowna #poetry #nostradamus #maskseasonb#mask #ppe lady hardy hair mayvenn URL ,Joy,0.657762
4/16/2020,follow USER business growth. corona manage corona situation business bounce corona lockdown learn india's biggest online event.â¦ URL ,Joy,0.648977
4/16/2020,"just posted photo corona, california URL ",Joy,0.514146
4/16/2020,corona virus lockdown forced stop regular treatment deferred others. ð keen pick left like assessment receive bespoke treatment plan help skin orâ¦ URL ,Tentative,0.664175
4/16/2020,melanin magic timeline ð¯ââï¸â¨ #melaninqueen #melaninmagic #melaninmakeupdaily #blackgirlskillingit #blackgirlsrockingit #melaninqueen #throwbackð #corona #coronamemesâ¦ URL ,Joy,0.622161
4/16/2020,"ðºð¸ 10 day forecast 53,476 dead. wave ~137 day 9,483,941 case 132,775 deaths. case double 7.6 days. ð: URL 16/04 #covidus 3/4 ",Sadness,0.786832
4/16/2020,"whilst good health crucial corona virus, health pet paramount importanceð¶ð± groveparkveterinaryclinic continues offer emergency service needing help. theâ¦ URL ",Analytical,0.596122
4/16/2020,ððð¼ð ðððð ððð¼ð ðð¼ðð hello friends!!! time understand danger covid-19 corona virus thing seriously!!! time slow grateful thing taken granted !â¦ URL ,Joy,0.698876
4/16/2020,"slay effortlessly beautiful crated strap sandals. heel moderate balanced. knack gele wear fine dress, party don set ðð corona wonât forever, weâllâ¦ URL ",Joy,0.835566
4/16/2020,clearly âhazeâ gone music ð¶ photo credit: URL #covid_19 #toothpaste#headlights #corona #headlightrestoration #workingfromhome #lockdown #autoshackghana#accra#carsâ¦ URL ,Confident,0.618451
4/16/2020,"repost USER â¢ yo snoopdogg ð¥ exactly felling moment! #justakidfromcompton #quarantine #lockdown #corona #corona19 #hiphop #90s columbus, ohio URL ",Confident,0.937689
4/16/2020,hope don't help covid-19 time lockdown over.. #corona #pandemic #coviìd19 #indiafightscorona #socialdistancing krishna apra garden URL ,Joy,0.539028
4/16/2020,follow USER business growth. #badabusiness #drvivekbindra #businessgrowth #business #businessconsultant #businessgoals #education #learnathome #corona #lockdown #lockdown2020 #pune #punebusinessâ¦ URL ,Joy,0.560753
4/16/2020,#tbt making 3rd video #farawey #mysong #santabruce #sanroqueace #oshak #oshakb #london #musicvideo #stayathome #staysafe #corona #coronavirus #mymusic #mysong #music #song #afrobeat #afrobeats #afrojazzâ¦ URL ,Joy,0.835421
4/16/2020,"corona cloud like #portugal #weather #coronavid19 alenquer, portugal URL ",Tentative,0.5538
4/16/2020,"went harvest phane farm, oh thanks corona ha gona ndropeke hoo serowe, botswana URL ",Joy,0.603356
4/16/2020,forever young !! #stayathome #staysafe #wfh #spidermanvscorona #spiderman #cosplay #coronavirus #corona #covid_19 #viralpost #viruscorona #marvel #physicaldistancing #peterparker #goldenageâ¦ URL ,Confident,0.660207
4/16/2020,"yes, decided make cheesecake night yes, ice wine sangria strategically placed blender. necessary corona virus supply tx. brownfield, texas URL ",Joy,0.692586
4/16/2020,"hahaha, best meme lockdown! #lockdown #covid #corona #funnymemes #funny mumbai, maharashtra URL ",Joy,0.951148
4/16/2020,"spring corona ð belgrade, serbia URL ",Joy,0.530115
4/16/2020,india fight coronað®ð³ â¢ erosion nataraja shiva believed indicate cyclical structure destruction creation. now-a-days doctor risking life save pandemicâ¦ URL ,Tentative,0.893364
4/16/2020,"positive case today surat. total 26 postive case today. #corona #update #surat #positive surat, gujarat URL ",Joy,0.70948
4/16/2020,new art whitstable high street ð #nhs #nhsheroes #doctor #nurse #corona #coronavirus #clapforourcarers #heroes #thankyou ð whitstable URL ,Joy,0.818994
4/16/2020,funtime: stand/i â-what doe mean? ð§ #muser #braintime #insta #tiktokindia #riddles #puzzles #paheli #hiddengems #rjdada #djdada #lockdown #india #maharashtra #corona #carecarona #redfm #lockdown2020ð· #instacoolâ¦ URL ,Tentative,0.836844
4/16/2020,"dear corona, fuck you!. faithfully,. illie. cap: USER pants: ferragamo wrist watch: USER URL ",Anger,0.603495
4/16/2020,"throwback thursdayâ¡...(from yesterdayð)!#hyenagangg#funny#taser#quarantine#corona#coronavirus#virus#laugh#tbt#shock#laugh dallas, texas URL ",Joy,0.715282
4/16/2020,"use time wisely awesome day doer ð¤©â¤ï¸ð #time #corona#dontwasteyourtime #loveyourself #doersglobalcommunity #performancecoach #develop #instagrammers #instagood #instamood london, united kingdom URL ",Joy,0.861676
4/16/2020,brushing photoshop skill ð #imagicus #photoshoot #portraits #portraits_ig #ig_gods #special_shots #ig_eurasia #senjagaphoto #ig_worldclub #ig_exquisite #princely_shotz #fairabagdja #coronaâ¦ URL ,Joy,0.528339
4/16/2020,havent drawing forever staying home sparked creativity. __________________ #drawing #ink #sun #spring #lines #doodle #art #paint #create #corona #socialdistancing #home home URL ,Joy,0.659017
4/16/2020,"âand iâd better picture online later, either.â #pirate #corona #model #modeling #shotoniphone #wife melody hill, indiana URL ",Analytical,0.658877
4/16/2020,"yeahhh... sorry, #fans, probably #sawitcoming. 24th #canceled. #keeplistening spotify! #showsupport #cancellation #sorry #corona #covid19 #covid #coronavirus #pandemicâ¦ URL ",Sadness,0.798563
4/16/2020,it's good know can't let situation pamdemics surpress form.... smile heart achesðð·ðð½ð #godspeople #weshallovercome #corona #pandemic #coviìd19â¦ URL ,Joy,0.80794
4/16/2020,follow USER business growth. #badabusiness #drvivekbindra #businessgrowth #business #businessconsultant #businessgoals #education #learnathome #corona #lockdown #lockdown2020 #pune #punebusinessâ¦ URL ,Joy,0.560753
4/16/2020,hi all! hope keeping safe. group exhibition weekend alongside trish gomez &amp; emily fischer field old police station cancelled corona virus.â¦ URL ,Analytical,0.85103
4/16/2020,realise #lockdown !!! #createathome #covid_19 #corona #homequarantine #aquarium #fishtank #alovera #maibhisadakchapâ¦ URL ,Analytical,0.653099
4/16/2020,it's good know can't let situation pamdemics surpress form.... smile heart achesðð·ðð½ð #godspeople #weshallovercome #corona #pandemic #coviìd19â¦ URL ,Joy,0.80794
4/16/2020,"ok, admit it, completely lost marble now! corona negativity stress. donât know âgood morning vietnamâ movie popped head singing/shouting âgood morning vietnamâ overâ¦ URL ",Joy,0.504941
4/16/2020,"ð¬ð§ united kingdom 10 day forecast 26,507 dead. wave ~200 day 8,218,036 case 115,053 deaths. case double 10.1 days. ð: URL 16/04 #covidunitedkingdom 3/4 ",Sadness,0.737486
4/16/2020,"ð©ðª germany 10 day forecast 5,120 dead. wave ~94 day 504,624 case 7,065 deaths. case double 8.4 days. ð: URL 16/04 #covidgermany 3/4 ",Sadness,0.73376
4/16/2020,"ð¿ð¦ south africa 10 day forecast 51 dead. wave ~139 day 14,728,816 case 206,203 deaths. case double 13.9 days. ð: URL 16/04 #covidsouthafrica 3/4 ",Sadness,0.756774
4/16/2020,usually crowded corona come feel different. #sisimiut #sea #sky sisimiut URL ,Joy,0.508006
4/16/2020,"ð¯ðµ japan 10 day forecast 377 dead. wave ~108 day 27,594,138 case 386,318 deaths. case double 10.7 days. ð: URL 16/04 #covidjapan 3/4 ",Sadness,0.756774
4/16/2020,"ð«ð· france 10 day forecast 24,680 dead. wave ~83 day 2,199,689 case 30,796 deaths. case double 11.1 days. ð: URL 16/04 #covidfrance 3/4 ",Sadness,0.756774
4/16/2020,"dear #queens: #corona, life same... time financially level up, upgrade yourself, affair order body snatched up... economy suckedâ¦ URL ",Sadness,0.557202
4/16/2020,self testing. doe help corona wear masks? yes. taste like shi... #contemporary #contemporaryart #contemporary_art #contemporaryphotography #contemporaryartwork #contemporaryabstractâ¦ URL ,Tentative,0.751891
4/16/2020,"ð¹ð­ thailand 10 day forecast 52 dead. wave ~33 day 4,386 case 61 deaths. case double 58.0 days. ð: URL 16/04 #covidthailand 3/4 ",Sadness,0.756774
4/16/2020,"kneel bowing corona virus doing typical polynesian cheek greeting, shaking hands, fist pound, etc. kneeling bowing accepted. success coach use humor atâ¦ URL ",Joy,0.636195
4/16/2020,"age virus dont just survive, thrive! ðð¼ððð¼ #bravenewworld #corona #riseabove california URL ",Joy,0.540187
4/16/2020,"ð³ð± netherlands 10 day forecast 4,943 dead. case double 14.7 days. ð: URL 16/04 #covidnetherlands 3/4 ",Sadness,0.528834
4/16/2020,webshop pictures!!! coming soon!!! #followus #webshop #amsterdam #outlet #mensfashion #corona #leatherjacket #discount good outlet URL ,Joy,0.666935
4/16/2020,"ð¨ð­ switzerland 10 day forecast 1,546 dead. wave ~103 day 138,526 case 1,939 deaths. case double 17.6 days. ð: URL 16/04 #covidswitzerland 3/4 ",Sadness,0.756774
4/16/2020,broke n***az worser corona stay away me! ðððð ð½ââï¸. #coronatone ð·ð·ð·ððð #hoodmorning ð #tonecold #coronaseason #coronamask #coronamasks #explorepage #6feetapart #trenchbaby kenosha URL ,Sadness,0.590448
4/16/2020,"just posted photo corona, california URL ",Joy,0.514146
4/16/2020,"corona threatens job start business home light global economic downturn corona caused huge losses, learn start business home step step dubai,â¦ URL ",Fear,0.569317
4/16/2020,pre-corona hudson yard nyc. #newyork #nyc #newyorkcity #brooklyn #ny #love #manhattan #usa #city #photography #travel #instagood #manhatten #instagram #like #follow #rap #longisland #america #cityscapeâ¦ URL ,Joy,0.877785
4/16/2020,gypskazz going strong social distancing. ð¤ð·ð§¡âï¸check pantanal recorded members. #gypskazz #pantanal #livemusic #band #music #instamusic #socialdistancing #corona USER URL ,Joy,0.548361
4/16/2020,corona crisis affected human race animal affected this..dogs integral human affected..please share necessary love food â¤ï¸ð¶ share view theâ¦ URL ,Confident,0.543112
4/16/2020,"life give coronavirus, make corona beer ðº cheese ð§ dip! ð¥¨ ð¤·ð¼ââï¸ ð new recipe beer cheese dip blog! ð²link bio âð» #recipe #corona #coronabeer #beercheese #cheesedipâ¦ URL ",Joy,0.846033
4/16/2020,"trying perfect social distancing beer delivery skill djiglobal phantom poor USER taking beating. #corona #beerdelivery #socialdistancing2020 everett, washington URL ",Confident,0.838624
4/16/2020,"wake up, watch lot rupaulâs drag race, just want sashay! ðð¼ââï¸ðð¹â¤ï¸ great day corona land. âð¼ð¯ irmo, south carolina URL ",Joy,0.523731
4/16/2020,"ðºð¸ 10 day forecast 53,476 dead. wave ~137 day 9,483,941 case 132,775 deaths. case double 7.6 days. ð: URL 16/04 #covidus 3/4 ",Sadness,0.786832
4/16/2020,"ð§ðª belgium 10 day forecast 7,570 dead. case double 9.3 days. ð: URL 16/04 #covidbelgium 3/4 ",Sadness,0.53124
4/16/2020,"USER us, -based ghanaian producer recruit ama kaârin zel new #corona song â listen URL URL ",Joy,0.515021
4/16/2020,time corona busy. feel bored face inner being. faster faster faster. ðð½ââï¸ corona come universe slowed down. ð§ð¼ instead ruminatingâ¦ URL ,Sadness,0.809703
4/16/2020,corona kill baselworld background story essential correspondence actor soon URL neuhausen-nymphenburg URL ,Confident,0.543112
4/16/2020,"amazed god's creation. frozen waterfall zanskar river. got travel place beginning year. corona virus broken china then, theâ¦ URL ",Joy,0.550289
4/16/2020,"ð°ð· korea, south 10 day forecast 233 dead. wave ~34 day 17,126 case 240 deaths. case double 277.0 days. ð: URL 16/04 #covidkoreasouth 3/4 ",Sadness,0.824412
4/16/2020,"post corona getaway: ready savor moment? #california #santabarbara #bacara #beach ritz-carlton bacara, santa barbara URL ",Joy,0.501532
4/16/2020,"after..wonderful customer piece.order kit. 15% valid today april 16. delivery available corona tucson tomorrow, fri apr 17 sierra vista,sat apr 18. shopâ¦ URL ",Joy,0.594106
4/16/2020,"#repost frankie.zombie_ USER ã»ã»ã» promised, todayâs covid-19 relief donation go USER happen recent sold art release. know corona virusâ¦ URL ",Analytical,0.576423
4/16/2020,"just posted photo corona, california URL ",Joy,0.514146
4/16/2020,thank ms. corona ruining birthday ð #22 quarantine URL ,Joy,0.533541
4/16/2020,matter whagwan make sure free mind fun. life beautiful. truth nigeria #coronacaution USER #corona #coronavirus #lifeofashowman #reality #love #freedomâ¦ URL ,Joy,0.854293
4/16/2020,day break (i cleaned basement cared new plant balcony) day stay-at-home-corona project today dance ð¢ð¤ ðð #practicing #linedance #linedancersâ¦ URL ,Joy,0.660724
4/16/2020,"ð¸ðª sweden 10 day forecast 2,101 dead. wave ~178 day 412,061 case 5,769 deaths. case double 6.5 days. ð: URL 16/04 #covidsweden 3/4 ",Sadness,0.756774
4/16/2020,"ð¬ð§ united kingdom 10 day forecast 26,507 dead. wave ~200 day 8,218,036 case 115,053 deaths. case double 10.1 days. ð: URL 16/04 #covidunitedkingdom 3/4 ",Sadness,0.737486
4/16/2020,â¤ð #love #poetry #lovepoetry #shayri #loveshayari #khushi #happiness #theunprofessionalwriter #quarantinelife #lockdown #quarantine #corona #coronamemes #stayhome #staysafe #stayhealthy read thought onâ¦ URL ,Joy,0.959534
4/16/2020,"heart go #spain currently fighting #corona courageously. feel terrible hear happening beautiful places. stay strong, stay safe. shall overcomeâ¦ URL ",Tentative,0.71572
4/16/2020,"#relaxing #bath #oilmassage #abhyanga #prevention strengthen #immune #system. #ayurveda #corona ingolstadt, germany URL ",Joy,0.601538
4/16/2020,"saw reddit today thought helpful reminder...#flattenthecurve #corona #covid #quarantine sandy, utah URL ",Joy,0.550039
4/16/2020,"legend, lee konitz... corona virus...oh no... played birth cool (original) iâm glad attend listening penal discussion ashley kahn. ðâ¨ðð r.i.p... #jazzjapanâ¦ URL ",Joy,0.698336
4/16/2020,shit getting annoying iâm starting judge people lol rt USER b corona virus specifically usa need dictator bro idk listening lol ,Anger,0.619091
4/16/2020,ânew normalâ...anyone tired hearing saying? know am! read yesterday said life corona virus after. true. living theseâ¦ URL ,Analytical,0.596122
4/16/2020,"USER post-corona incentives!! â¢ frustrating feel work event/travel industry right now, remain positive, strong &amp; motivated succeed crisis! ððª. so, areâ¦ URL ",Joy,0.734322
4/16/2020,"ðªð¸ spain 10 day forecast 25,245 dead. wave ~132 day 2,612,833 case 36,580 deaths. case double 24.2 days. ð: URL 16/04 #covidspain 3/4 ",Sadness,0.756774
4/16/2020,#tbt allowed cram single tiny lift together. miss dream team â¥ï¸ follow theundercoverrecruiter insta account corona-free contentâ¦ URL ,Joy,0.753485
4/16/2020,"glad winter hood use protect virus. #coronavirus #corona #coronasafety #staysafe #llovegeorgie2 #ppe #hazletnj #hazlet #protectyourself hazlet, new jersey URL ",Joy,0.623549
4/16/2020,body na overdoseeeeeee!!!ð¤ð¤ #bumbum #nokissing #corona #afropunk #fitness #coronavirus #coro #afronation #afrohouse #afrotrap #afrofashion #afrodancers #afrodancehall #afrobeats #afrobeatdanceâ¦ URL ,Joy,0.750222
4/16/2020,pig fly iâll manage sausage entertained 24/7 ðð¤¦ð»ââï¸ð· #lockdown #schoolsout #corona #covid_19 #fatherandson #fatherhood #parenting #son #myson #boy #myboy #mylove #mylife #love #familyâ¦ URL ,Joy,0.747632
4/16/2020,"saw old pic timeline &amp; thought it's quite fitting #quarantinemood right now, da ya think? ð» i'm looking forward playing 'corona won't stop music' session 11 tomorrow! keepâ¦ URL ",Joy,0.677354
4/16/2020,"ordered month ago. feel little like winning lottery! #bleach #clorox #cloroxbleach #corona #amazon #winning fort myers, florida URL ",Joy,0.600162
4/16/2020,letâs talk #coviìd19 #telemedicine save #human #life #world #scaleupwitharijit #entrepreneur #entrepreneurship #corona virtualinfocom URL ,Joy,0.786323
4/16/2020,"ð·ðº russia 10 day forecast 900 dead. wave ~70 day 40,570,364 case 567,985 deaths. case double 4.1 days. ð: URL 16/04 #covidrussia 3/4 ",Sadness,0.756774
4/16/2020,lunch time blt's USER 's awesome bacon #endtimes #corona undisclosed location URL ,Joy,0.828665
4/16/2020,"today's chart chopper corona comedy video platform shaggy dogg spory, lol. stay strong stay safe, bse music URL #bombshelterentertainment #akastylesmcâ¦ URL ",Joy,0.72305
4/16/2020,"ð²ð¾ malaysia 10 day forecast 115 dead. wave ~85 day 13,711 case 192 deaths. case double 25.4 days. ð: URL 16/04 #covidmalaysia 3/4 ",Sadness,0.756907
4/16/2020,hello friend #rajgardenplants #rookhrajpaudhshala #memories #covid_19 #corona #indiafightscorona #stayhome #staysafe #shayari #love #ishc #pyar #poem #gazal #poetry #poet #shayar #write #writing raj garden plant URL ,Joy,0.86991
4/16/2020,"time change perspective. #corona #sketchdiary #sketchbook #journal #penandink #perspective #quarantine #home #lockdown hammersmith, hammersmith fulham, united kingdom URL ",Joy,0.530641
4/16/2020,finnish forest best escape corona free path wall around. #thisisfinland #goldenretrieversofinstagram #goldenretriever #goldengirls #staysafe #gotoforest #coronafreezone #motheranddaughterâ¦ URL ,Joy,0.589782
4/16/2020,quarantine 2020 attempted workouts! #lltquarantine2020 #lltquarantinediary #lltlockdowndiary #coviìd19 #lockdown2020 #lockdown #coronamemes #loveinthetimeofcorona #loveinthetimeofcovid19 #coronaâ¦ URL ,Tentative,0.936899
4/16/2020,"ð®ð¹ italy 10 day forecast 27,723 dead. case double 24.0 days. ð: URL 16/04 #coviditaly 3/4 ",Sadness,0.53124
4/16/2020,hello friend #rajgardenplants #rookhrajpaudhshala #memories #covid_19 #corona #indiafightscorona #stayhome #staysafe #shayari #love #ishc #pyar #poem #gazal #poetry #poet #shayar #write #writing #write #kavi #kavitaâ¦ URL ,Joy,0.829567
4/16/2020,"ð¿ð¦ south africa 10 day forecast 51 dead. wave ~139 day 14,728,816 case 206,203 deaths. case double 13.9 days. ð: URL 16/04 #covidsouthafrica 3/4 ",Sadness,0.756774
4/16/2020,little one stay ready! stunting sparkle fun. love gemsâ¤ï¸ðð #leaveitonthefloor #corona #chicagokids #tiny #trainlikeagem #allstarcheerleading #sparkle #blackgirlscheer #level1 #jumpâ¦ URL ,Joy,0.929738
4/16/2020,"corona cooking benefit extra time. created talented mikyasni. #coronacooking #lockdown #lockdownbirthday london, united kingdom URL ",Joy,0.678628
4/16/2020,car questions? ð ð¤ join live question answer sessions. tag bring friend. #stayhome #covid_19 #corona #workingfromhome #lockdown #autoshackghana#accra#carsâ¦ URL ,Analytical,0.989679
4/16/2020,respect fellow key worker ðð¼ ðð¼ #keyworkers #uhcw #universityhospital #walsgravehospital #igerscoventry #corona #coronavirus #covid #covid19 #likeforlike #like4like #l4l #follow #followme #love USER URL ,Joy,0.784863
4/16/2020,"ð®ð± israel 10 day forecast 193 dead. wave ~143 day 42,305 case 592 deaths. case double 17.4 days. ð: URL 16/04 #covidisrael 3/4 ",Sadness,0.756774
4/16/2020,didnât hear corona... #natureisperfect #flowers #bloomingisbeautiful #gaiaretreathouse gaia retreat house URL ,Joy,0.532677
4/16/2020,"time ð°, allowed travel ð #stayhome #staysafe #withme #corona #follow #follow4followback #followme #throwback saint petersburg, russia URL ",Joy,0.566722
4/16/2020,mask better ventilator ð¤ home better icu ð¤ prevention better cure ð¤ it's curfew it's care fðr #redfm #rjdada #djdada #corona #virus #covid19 #india #lockdown #instadaily #instagoodâ¦ URL ,Joy,0.819146
4/16/2020,"ð©ð° denmark 10 day forecast 473 dead. wave ~87 day 47,670 case 667 deaths. case double 25.7 days. ð: URL 16/04 #coviddenmark 3/4 ",Sadness,0.73376
4/16/2020,ready weekend! quite it's difference weekday right ð looking forward weekend? #corona #coronatime #dline #defenseâ¦ URL ,Joy,0.707151
4/16/2020,"ð§ð¾ belarus 10 day forecast 239 dead. wave ~173 day 1,620,417 case 22,686 deaths. case double 5.0 days. ð: URL 16/04 #covidbelarus 3/4 ",Sadness,0.786832
4/16/2020,pre-corona nyc. essex food market. amazing entrepreneur showing wonderful foods. #newyork #nyc #newyorkcity #brooklyn #ny #love #manhattan #usa #city #photography #travel #instagood #manhatten #instagramâ¦ URL ,Joy,0.974932
4/16/2020,right now...lol #thesongisme #allergies #spring #springtime #spiderman #memes #meme #comics #marvel #corona #coronamemes #coronavirus #quarantine #stayhome #washyourhands #420 #pot #weed #smoke #medicineâ¦ URL ,Joy,0.580868
4/16/2020,"ðµð± poland 10 day forecast 529 dead. wave ~97 day 84,158 case 1,178 deaths. case double 15.6 days. ð: URL 16/04 #covidpoland 3/4 ",Sadness,0.756774
4/16/2020,"ð§ð· brazil 10 day forecast 4,417 dead. wave ~145 day 1,604,722 case 22,466 deaths. case double 5.3 days. ð: URL 16/04 #covidbrazil 3/4 ",Sadness,0.756774
4/16/2020,need good good mother earth cuz send room punishment absolutely proved can. #motherearth #mothernature #mother #covid19 #coronavirus #coronaâ¦ URL ,Confident,0.981352
4/16/2020,"dear wizard standing guard...#whswizards #inspire4 #april16 #corona windsor, colorado URL ",Joy,0.793997
4/16/2020,"USER decided âtrimâ hair... terrible idea! corona cut terrible idea! time shave all! chickasha, oklahoma URL ",Analytical,0.981409
4/16/2020,yeww today 50+ online retailer working help giveback fortunate corona virus pandemic URL slyde handboards URL ,Tentative,0.615352
4/16/2020,stand leader pack time like these. help need instead leaving behind. #corona #coronavirus #inthistogether #stayhome #stayhealthy #stayathome #covid #classâ¦ URL ,Analytical,0.765814
4/16/2020,great mexican international moving league signing club USER 41 â½ï¸ ð °ï¸ 17 by: alltransfersdaily #futebolix #mfootballw #corona #tecatito #mexicoâ¦ URL ,Joy,0.694794
4/16/2020,"just sitting waiting road gaming ð¤ð¥ðð® corona, california URL ",Tentative,0.75152
4/16/2020,syrup sweet album: sweet [out platforms] #trap #music #mymixtapez #datpiffmixtapes #youtube #nbayoungboy #bleacherreport #xxl #complex #art #fashion #news #new #music #labels #djs #podcast #corona #quarantineâ¦ URL ,Joy,0.88912
4/16/2020,"â reminded blood type positive +ð ,, #corona #cuarentena #quarantine #coviìd19 #stayathome #2020 blida URL ",Joy,0.629299
4/16/2020,"covid isnât going stop deadlifting. bad deadlifting month #deadlift #stayhome #400x1 #375x5 #3platesx9 #thizzface corona, california URL ",Sadness,0.622277
4/16/2020,cabin-fevered brit head week week corona wfh lockdown ... bet thereâs hell lot un-infected folk gone phenomenon instead! childwall URL ,Tentative,0.957292
4/16/2020,#rock you! #throwbackthursday hope safe. enjoy!ð¤ #stayathomeorder #covid19out #coronavirus #covid19 #corona #live #love #laugh #xohomelife #musicsaves #lasvegas #dj #djlife #xohomelifeâ¦ URL ,Joy,0.904289
4/16/2020,yesterday started normal day hour passed away clicked break corona chaos started. pretty bad probably long overdue. took aâ¦ URL ,Sadness,0.844658
4/16/2020,"4:49 pm cdt, wsw west corona [walker co, al] nw storm survey report tornado. tornado continued walker county fayette county. URL ",Confident,0.808712
4/16/2020,ms. alyssaâs 4:30 ballet private lesson look absolutely great!!ð¤©ð¤© especially angles!!!ð¤£ð¤ª #ballet #lesson #private #great #dance #stayhome #stayhealthy #staysafe #corona #virus #covid19 #explorepage #exploreâ¦ URL ,Joy,0.841997
4/16/2020,"love time corona ð³ #convid19 #socialdistancing #onceaday #eveningrun london, united kingdom URL ",Joy,0.714676
4/16/2020,ð· corona virus covid-19 ð· #facebook #instagram #youtuber google #tiktok #fashion #swag #style #stylish #me #swagger #cute #photooftheday #jacket #hair #pants #shirt #instagood #handsome #cool #polo #swagg #guy #boyâ¦ URL ,Joy,0.900876
4/16/2020,watch youâre taking corona virus serious. shanghaisole dropping knowledge happened shanghai taipei. fucking scary stuff. thesneakdiss_sneaker_podcast thankâ¦ URL ,Fear,0.73377
4/16/2020,"ð«ð· france 10 day forecast 32,511 dead. wave ~55 day 23,633,955 case 330,875 deaths. case double 11.1 days. ð: URL 16/04 #covidfrance 3/4 ",Sadness,0.756774
4/16/2020,"1928-2020 corona virus patrickâs beautiful mother taken today. knew 13 year old blessed mother-in-law. kindest,â¦ URL ",Joy,0.768282
4/16/2020,"year ago today USER dropped #float #album6 #hightimes #naturesounds featuring single #haterlove #realhiphop #eastcoasthiphop #hiphop #ruffryders #dblock #thelox #holidaystyles #stylesp corona,â¦ URL ",Sadness,0.694085
4/16/2020,"sneak peeks! ðð love time corona...a last-minute, private exchange vows. big wedding canceled covid-19. dress didnât arrive. theyâ¦ URL ",Joy,0.651224
4/16/2020,"cleaning lady place headed time saturday. stumbled coffee shop open, bought red eye support them! âï¸ #coffee #corona #socialdistancingâ¦ URL ",Joy,0.747959
4/16/2020,need ð° [save post] want work remote want make cash...i suggestions. throwback ðªð¾ð¤ð¾ð¤´ð¾ king vibe month ago ð²ð½ coronaâ¦ URL ,Tentative,0.601046
4/16/2020,"just reminder safe and... #beresponsible #bewise #bethankful #bekind #bepatient #corona #bequarantined #jonathanslocumb los angeles, california URL ",Tentative,0.615352
4/16/2020,"yo corona shit orrr... ð· #coronavirusitalianews #masks #maskseverywhere #dancevideos #videostar #rapfacts los angeles, california URL ",Anger,0.711455
4/16/2020,"time corona, weâve got way occupied. guy didnât know iâm practicing attorney. work couple law firm remotely handle social medium marketing aâ¦ URL ",Confident,0.946092
4/16/2020,"happy thursday. warm 87â° tucson. getting hot. fav time year. corona virus away. tucson, arizona URL ",Joy,0.655005
4/16/2020,"ask stay home, light giving hard time. omo die poco_lee USER USER USER jonelloofficial USER naijaloadedotng #stayhome #stayhealthy #corona #virus #viralâ¦ URL ",Sadness,0.771399
4/16/2020,"pay mortgage, careful informed considering forbearance. dangerous some. #forbearance #mortgage #corona #covid murfreesboro, tennessee URL ",Analytical,0.970663
4/16/2020,stay home read newspaper ...â£ â© fotonique nico bastens photography â£â£ â£â£ #fotonique_ â£â£ #nicobastens â£â£ #documentaryphotography #candid #photography #photojournalism #coronavirusnederland #coronaâ¦ URL ,Joy,0.640621
4/16/2020,reposted USER speechless ð± look absolutely amazing ðð¾ðð¾ððð¥ð¥ðð¾ðð¾ #dontrushchanllenge #quarantine #smh #lol #worldstar #tsr #shaderoom #ctfu #meme #corona #dontrush reposted USER -â¦ URL ,Joy,0.733544
4/16/2020,sold corona thursday. wow corona thursday different meaning january. beer just fear EMOJIsad i've told diamond jewelry help..couldn't hurt. roxbury jewelry URL ,Fear,0.691631
4/16/2020,ready makkalae.... #corona #19dayschallenge #indialockdown tiruchchirappalli URL ,Joy,0.543307
4/16/2020,"moment like -âcorona,covid- lol letâs (ânew normalâ)â louisville, kentucky URL ",Joy,0.707664
4/16/2020,"#badhombrerunners los corona bandidos! seriously, we're ending extremely busy work week spatial run, sun, socially distant friendship. clear lake city, texas URL ",Joy,0.630156
4/16/2020,"reflective #stayin #dailyhour #canalside #treeline #daily #corona #canalandrivertrust #filtered manchester, united kingdom URL ",Analytical,0.821913
4/16/2020,undeniable!!!#hyenagangg#hyenaganggafrica#artist#writer#ceo#ghostwriter#ceo#promo#marketing#ownership#entrepreneur#indie#indiemusic#wygd#coronavirus#corona#virus#viral#k104#979thebox#979thebox#bars#lyrics#real#campaigâ¦ URL ,Confident,0.660207
4/16/2020,"day 16 kill kindness new! fu covid19. gentle germs. not! coming soon. maybe. hopefully. not. #isolationcreationjersey #19daydrawingchallenge #corona jersey, channel island URL ",Joy,0.642985
4/16/2020,sourdough bread starter named âcrystal-coronaâ (or finish phd lockdown) #sourdough #sourdoughstarter #smelllikebread #sourdoughbreadâ¦ URL ,Tentative,0.647986
4/16/2020,"difficult times, super grateful familia. #tbt #throwbackthursday #familia #family #80s #puertadelsol #bolivia #cafeconleche #dado #childhood #covid #corona #missingyou #missyou #siblings #home isla delâ¦ URL ",Joy,0.730881
4/16/2020,real superheroes don't wear cape wear face mask ð·â living angel #thankful ã»ã»ã» best caption? #doctor #doctors #medical #medicine #art #corona #nurse ð· USER thankâ¦ URL ,Joy,0.92516
4/16/2020,ðð new normal #stayhome â¢ â¢ â¢ â¢ â¢ follow â¡ï¸ USER â¢ â¢ â¢ â¢ #coronavirus #corona #china #virus #wuhan #covid19 #viruscorona #memes #meme #coronavirusoutbreak #covid_19 #wuhanvirus #news #funnyâ¦ URL ,Joy,0.66043
4/16/2020,"great way pick few$ helping corona crisis. look local plasma center today. chicago, illinois URL ",Analytical,0.773748
4/16/2020,corona cooking night 10 revenge school lunch! didn't feel like major cooking slapped redux week's school lunch! dino-shaped nugget tater-tots seasonal fruitâ¦ URL ,Analytical,0.72969
4/16/2020,"#socialdistancing #selfisolation #selfisolating #socialisolation #blackcat #corona#fraidycat #nottodaysatan widget saw news decided self isolate ðð¤£his favorite spot calgary, alberta URL ",Joy,0.500159
4/16/2020,working corona #work #working #drag #dragqueen #dragqueens #dragqueensofinstagram #acting #actor #theatre #tiktok #rupaul #rupaulsdragrace #corona #isolation #love #like #daily #dame #draguk #ukdragâ¦ URL ,Joy,0.560665
4/16/2020,guy holding corona situation? came short walk sure distance people. care ðð½ regent's park URL ,Sadness,0.580464
4/16/2020,"(reuploaded sound one). ok, admit it, completely lost marble now! corona negativity stress. donât know âgood morning vietnamâ movie popped head meâ¦ URL ",Confident,0.949397
4/16/2020,"hey come check podcast called #whatwasitalkingabout #podcast #corona #podcasting atlanta, georgia URL ",Joy,0.506154
4/16/2020,"living best life quarantine. pool party #broughttoyoubycorona ð¤£ makeup, faded hair, fucks. #corona #quarantine #quarantinelife #pool miami, florida URL ",Joy,0.620613
4/16/2020,"people creative trying positive attitude! love this! USER â¢ â¢ â¢ â¢ #walk #neighboorhood #love #messages #staysafe #stayhealthy #corona #coronavirus brentwood, los angeles URL ",Joy,0.926972
4/16/2020,celebration amazing covid season over! stay safe! #covä±d19 #corona #churchstreeteast #downtownmobile #mobilealabama #downtownmobileal #ukulele #ukulelecover #ukulelecovers #banjoleleâ¦ URL ,Joy,0.882106
4/16/2020,itâs late join free corona time fun virtual scavenger hunt! just sample great thing family doing together. went live morning 8:00 end saturday evening. greatâ¦ URL ,Joy,0.913917
4/16/2020,unfortunately corona virus quarantine social distancing having regular service month. host praise party USER live facebook andâ¦ URL ,Joy,0.606642
4/16/2020,"so...basically people need #wtf #coronavid19 #corona #thepeople mckinney, texas URL ",Anger,0.570435
4/16/2020,'corona communion' brought fantastic gift bottle best chip world. #photography #instapics #photographer #photos #photographersofig #pictures #artistic #creativeâ¦ URL ,Joy,0.935806
4/16/2020,"perfect day 6-foot away interactions!! ð bike ride picnic park. ð²ð¥ª itâs mental health guys, chill. #corona #hangouts #picnic #bikeride #park #friends girard park URL ",Joy,0.787602
4/16/2020,"itâs âcoronaâ kinda day brighton, tennessee URL ",Tentative,0.856622
4/16/2020,"outdoor concert hall seen park praski warsaw, poland april 16, 2020. â© jaap arriens xinhua #photojournalism #warsaw #warszawa #coronavirus #coronaâ¦ URL ",Joy,0.53536
4/16/2020,"they've got right idea. corona, california URL ",Analytical,0.931994
4/16/2020,"homework 4/22 online bible study dr. j. wayman well access document click link below: URL corona,â¦ URL ",Analytical,0.680948
4/16/2020,check yet?word2 USER USER ðµthrowback classicðµ #tbt #stimuluscheck #sanfordandson #stayhome #corona #stayconnected washington d.c. URL ,Joy,0.755011
