date,text,tone,score
11/3/2020,"dark matter: art brokenness ð¤ð¤ð¤ â¼ï¸now available everywhereâ¼ï¸link bio! tell friend!! song: frenzy USER #tukooltiff #miimb #blm #covid19 charlotte, north carolina URL ",Joy,0.628413
11/3/2020,hope voted ð³ ðºð¸ #ððð ð #fallvibes #vote2020 ð ðâ¤ï¸â¤ï¸ #covid_19 #staysafe #prevention #mask #muchneeded #stop #quarentine #safe #vegasstrong #peace #love #weareallinthistogether #djlizclark usa URL ,Joy,0.8528
11/3/2020,fighting stigma â linkedin say pandemic changed 'unemployment stigma': majority unemployed american think there's negative stigma associated unemployment. expert linkedin say current situationâ ... URL ,Analytical,0.908592
11/3/2020,know covid got far santa need space. click link bio visit shop! URL united state URL ,Analytical,0.9449
11/3/2020,fighting stigma: covid-19 case 'stubbornly' high dublin hope early easing restriction fade: public health official expressed concern âstubbornlyâ high ... situation ireland compared favourably rest ofâ ... URL ,Analytical,0.797622
11/3/2020,2nd hour #wrekkinghrs begun #psychobilly #rockabilly #surf rock #detroit radio 89.3fm #whfr.fm #2020 post #quarantine #halloween2020 party tune now! URL 89.3 URL URL ,Joy,0.717523
11/3/2020,#frio ð¥¶ #chile #mask #mascarilla #cuarentena #quarantine walking #temuco #city #lonely en temuco URL ,Sadness,0.8024
11/3/2020,"paris hotel suites, corona, queens, nyc #parishotelandsuites #coronaqueensnyc #coronaqueens #corona #queensnyc #queens #nyc #nofilter #unedited #canon77d #canonphotography #canonphotographer #24mm70mmf4 URL ",Joy,0.636999
11/3/2020,"hurrah crouch end visit great oxfam lockdown crouch end, north london URL ",Joy,0.58399
11/3/2020,"#detail #new #painting #diptych #automaticdrawing #automaticpainting #intuitive #pattern #acrylicpainting #acrylic #paper #artwork #staysafe #stayhome #vote #wearamask east hampton, new york URL ",Joy,0.643771
11/3/2020,paypal doesn't preliminary 2021 guidance amid pandemic uncertainty URL #sanjose #california #siliconvalley #sanfranciscobayarea ,Tentative,0.716301
11/3/2020,"wedding day belt âï¸ wedding earring âï¸ tradition continues pandemic ð¤£ð¤£ð¤£ year just robes, slipper &amp; room service. love love love sweet dave! ritz-carlton chicago URL ",Joy,0.925297
11/3/2020,"#new #diptych #workonpaper #painting #smallworks 24x36â #motif #pattern #nopattern #intuitive #artwork #staysafe #wearamask east hampton, new york URL ",Joy,0.57582
11/3/2020,"fighting stigma â meal mental health fundraiser launch monday: fund stigma enigma raise help maryvale hire additional psychologists, social worker cut wait time youth seeking help. âwe'â ... URL ",Sadness,0.726169
11/3/2020,"flowers, lefrak city #flowers #lefrakcity #fallcolors #coronaqueensnyc #coronaqueens #corona #queens #nyc #nofilter #unedited #canon77d #canonphotography #canonphotographer #24mm70mmf4 horace harding expwy URL ",Joy,0.68024
11/3/2020,"dark matter: art brokenness ð¤ð¤ð¤ â¼ï¸now available everywhereâ¼ï¸link bio! tell friend!! song: frenzy USER #tukooltiff #miimb #blm #covid19 charlotte, north carolina URL ",Joy,0.628413
11/3/2020,"sam making comfy office. #cat #familypet #officechair #homeoffice #workfromhome #blackcat #catsofinstagram staten island, new york URL ",Analytical,0.750021
11/3/2020,fighting stigma: coronavirus ireland latest nphet update case level restrictions: update level restriction working country health chiefs. chief medical officer dr tony holohan leading theâ¦ URL ,Analytical,0.846224
11/3/2020,#movember2020 hit clinic. #applecreekboys ready #letitgrow. having fun mask level surgical ppe #applecreekcares #instahealth #menshealth URL ,Joy,0.75213
11/3/2020,snekky feel foreverð#finelinesnaketattoo concert starved future travel nurse double kitty cuddling quarantine queen #snakewitch #witchyvibesforlife minneapolis tattoo shop URL ,Joy,0.715065
11/3/2020,scarf scarf. way great cozy fleece french terry color cotton. clothing feel like hugs. perfect social distancing lattes. #easywear #fallfashions #dressforyourself URL ,Joy,0.800968
11/3/2020,#texas #houston #dallas #votebluetosaveamericaðºð¸ð USER #covid_19 fail #votetrumpout2020 USER USER texas URL ,Sadness,0.686545
11/3/2020,tomorrow election day exercise right! spelman woman vote tip voting covid-19 #spelmanwomenvote #votecoming #trueblueearlyvotes #ourchoicetoturnoutandchangetheworld northern virginia URL ,Joy,0.579933
11/3/2020,just posted photo flushing meadow corona park URL ,Tentative,0.88939
11/3/2020,"basically USER pandemic model. USER #slr670x seattle, washington URL ",Analytical,0.751838
11/3/2020,ice cream beach month lockdown just feel taste like freedom ð #williebeach #williamstown #seasalt #seaair #sunshine #melbourne #spring williamstown pier URL ,Joy,0.792954
11/3/2020,just posted photo flushing meadow corona park URL ,Tentative,0.88939
11/3/2020,"""most deadly phase pandemic ahead"". fuuuuck. #voteblue #votehimout URL ",Tentative,0.920133
11/3/2020,"#germanyâs confirmed coronavirus case touch 560,379 URL ",Analytical,0.93534
11/3/2020,"america pick president face joblessness, coronavirus anxiety: voter fundamental unease americaâs future. URL (vã­a nytimes) URL ",Fear,0.644939
11/3/2020,"kr nroom â s. korea's banking group likely break record amid pandemic: global economy largely struggling coronavirus woes, south korea's major banking group projected seeâ ... view article... URL ",Sadness,0.656911
11/3/2020,just posted photo flushing meadow corona park URL ,Tentative,0.88939
11/3/2020,desk â using covid catalyst tackle homelessness crisis: homeless people died dublin bank holiday weekend. man 40 security staff early hour friday morningâ ... view article... URL ,Analytical,0.629823
11/3/2020,"fighting stigma: mental health crisis lying ahead: covid, expert reckoned mental health epidemic northern ireland pandemic destroying life andâ ... URL ",Sadness,0.581329
11/3/2020,"day 10 monday practicing online vinyasa flow yoga USER earlier, did facebook live classic pure barre USER #namaste #zoomyogaclass #purebarre #socialdistancing URL ",Joy,0.815755
11/3/2020,#nowplaying #fifthharmony fifth harmony work home ||| #bbradio #rockt #berlin ,Joy,0.625302
11/3/2020,mvnu vball pull shocker win 15-13 covid. mvnu ariel arena URL ,Joy,0.568846
11/3/2020,got covid 19 rt USER sick nigga fucked woman living room ,Sadness,0.600959
11/3/2020,"stocked ready lock down. #vote safe yâall! USER USER USER USER #maijadigiorgio #lockdown #safeathome west hollywood, california URL ",Confident,0.937689
11/3/2020,seriously miss temple #no #covid_19 #nomoremasks nichiren shoshu myoshinji temple URL ,Sadness,0.634413
11/3/2020,"worst night covid deliriously texted mom lion chewing me. itâs like that, broken ez bake oven antarctica keep turning off. night. damn night including tonight. ",Tentative,0.616216
11/3/2020,"wait! cool mascara couldnât appreciate social distancing. #teal #mascara #gold #eyeshadow yeup #tealandgold #lastweek terrace, british columbia URL ",Joy,0.779428
11/3/2020,day gym post lockdown... way ðª gold's gym akurdi pune URL ,Joy,0.601476
11/3/2020,"busy day today! airport pick up. lot product coming right doorð§¤ð¨ð¦ðð¼#stoutgloves #gloves #alberta #ppe #safety #chelseainbettershape edmonton, alberta URL ",Analytical,0.976689
11/3/2020,"fighting stigma: covid-19 latest: department health confirms 767 new cases: covid-19 related death ireland today. ... chief medical officer department health, dr tony holohan said thatâ ... URL ",Analytical,0.942817
11/3/2020,"merchandise arrived today australia usa, quarantine hero's colt clark &amp; kids. check out... #coltclarkandthequarantinekids melbourne, victoria, australia URL ",Analytical,0.896183
11/3/2020,"USER breathomix (leiden, nl) developed breath test instantly signal someone's infected covid-19. someone's test fails he/she second test confirm person infected. speed process big time. ",Tentative,0.959646
11/3/2020,#karimotorspeedway #momentummotorsports #mom #new #season #covid_19 #safetyfirst #weraceasone #team #racing #academy kari motor speedway URL ,Analytical,0.587989
11/3/2020,fighting stigma: 70% ni doctor 'anxious' coming months: ... colleague feel anxious coming month second surge coronavirus grip northern ireland. british medical association (bma)â ... URL ,Fear,0.627513
11/3/2020,nroom â using covid catalyst tackle homelessness crisis: homeless people died dublin bank holiday weekend. man 40 security staff early hour friday morningâ ... view article... URL ,Sadness,0.536253
11/3/2020,"canada: 'panicky pandemic publishing' covid-19 research erodes trust science, report warns URL ",Confident,0.543112
11/3/2020,"month lockdown, finally, trim #haircut #hairchop melbourne, victoria, australia URL ",Joy,0.690841
11/3/2020,"move array motorcycle suit all. book URL area covered #bikes #socialdistancing #transport #customerservice manchester, united kingdom URL ",Confident,0.947749
11/3/2020,local news: 600 new covid case confirmed essex southend URL ,Analytical,0.920855
11/3/2020,"unforgettable good time pandemic wonderful women!ððð¥°â£ð· long beach, california URL ",Joy,0.849331
11/3/2020,blast. meeting random people introducing imagination fun. needed time covid. felt good apartment. #gumbit #staypuft fjã¤llrã¤ven URL ,Joy,0.77492
11/3/2020,"fighting stigma: covid-19: death 767 case state: northern ireland, coronavirus-related death reported monday. north's department health (doh) said seven theâ ... URL ",Sadness,0.60712
11/3/2020,itâs race stop nation ð girraphic truly celebrating melbourne cup office true covid-safe style ð»ð¾ð¥ #melbournecup #theracethatstopsthenation #girraphic URL ,Joy,0.691039
11/3/2020,bh5 yac newsflash... yoxford antique centre close it's door wednesday evening latest lockdown!! hopefully december? know government!!! URL ,Analytical,0.643758
11/3/2020,desk â irish low-paid worker worst affected europe covid-19 pandemic: it's surprise young people feel greatest impact covid-19. told week leading psychologist belief teen andâ ... viewâ¦ URL ,Analytical,0.83535
11/3/2020,"covid 19 niggas, im sick yall !!! ",Sadness,0.742036
11/3/2020,"quarantine paradise far... ððâ± #beachlife #beach #sun #vacation #latepost #sual #likeforlikes #love #paradise masamirey beach cove, baybay norte, sual, pangasinan URL ",Joy,0.905508
11/3/2020,"|selfie modorra| â¢ â¢ â¢ â¢ â¢ #selfie #picoftheday #photooftheday #moments #lifestyle #guy #muscle #gaymexico #gay#gayguys #instadaily #instagay #cdmx #mexico #fit #fitguys #happy #love #quarantine en mexico city, mexico URL ",Joy,0.944034
11/3/2020,"year ago tonight partying USER #chic bowl. want âgods times,â #wearamask #votethemout tomorrow!!! upper east URL ",Joy,0.682088
11/3/2020,omg food consumed house!! ððð #lockdown #lesslockdown sunshine social URL ,Joy,0.628471
11/3/2020,"social distancing isnât issue puna. smoking joint enjoying life. everybody stay blessed. #mangogrove #420roadtrip#luckylivehawaii2020 puna, hawaii URL ",Joy,0.89751
11/3/2020,"fighting stigma: statement national public health emergency team monday november: total 1,917 covid-19 related death ireland. midnight sunday november, hpsc notified 767 confirmedâ ... URL ",Analytical,0.788671
11/3/2020,"#india record 38,310 new coronavirus case URL ",Analytical,0.506763
11/3/2020,"nroom â amid covid, govt hospital deliver: âour health staff treated pregnant woman utmost care. effort health staff, ludhiana district stand number deliveryâ ... view article... URL ",Sadness,0.581465
11/3/2020,"home-gym life isnât bad! â¢ â¢ #quarantine #homegym #homeworkout #workoutathome USER #muscles #strengthtraining #bodybypizza #halfrican west hollywood, california URL ",Sadness,0.523735
11/3/2020,"haven't voted, do. important! fight racism, fight covid, fight hate, fight ignorance! URL america need you! berrien county, michigan URL ",Anger,0.690895
11/3/2020,friday!!!! #live #entertainment #standup #comedy #lol #laugh #socialdistancing #humor millennium event center URL ,Joy,0.827846
11/3/2020,fighting stigma: coronavirus: ni spread slows o'neill sound note caution: coronavirus-related death reported northern ireland monday. north's department health said seven death hadâ ... URL ,Sadness,0.673183
11/3/2020,"went montecito/ santa barbara visit new project. montecito covid. sure missed it. spectacular beautiful place. #montecitomagic santa barbara, california URL ",Joy,0.620808
11/3/2020,"happy( belated) halloween! #2020 #creepy #halloween #pandemic bristol, united kingdom URL ",Joy,0.720771
11/3/2020,"hiv rapid test kit market report 2020 (covid-19 impact analysis) segmentations, key ...: basis historic growth analysis current scenario hiv rapid ... regional assessment global hiv rapid test kit market unlocks ...â¦ URL ",Analytical,0.868521
11/3/2020,cute dress latest collection! love USER #catwalk #faceshield #sequins ontario place URL ,Joy,0.892126
11/3/2020,"#repost USER USER ã»ã»ã» haircut quarantine. and, curl look refreshed revitalized!!! thank USER bringing curl life.ð¥°â£ï¸ URL ",Joy,0.806342
11/3/2020,"happy birthday beautiful, kind thoughtful human!!! USER glad got date USER USER lockdown ðð hope amazing day planned ð foodwell URL ",Joy,0.960909
11/3/2020,â gym open signing help nation fit &amp; healthy national lockdown. URL #gym #fitness #uk #uklockdown #lockdown URL ,Joy,0.871282
11/3/2020,"#mexico report 3,763 new coronavirus case URL ",Analytical,0.506763
11/3/2020,"local business using new way grow, pivot amid coronavirus pandemic: silicon valley's smbx created small business bond market. company partner small business sell bond toâ ... URL ",Joy,0.628576
11/3/2020,fighting stigma: impact pandemic show increased support virtual healthcare provision: two-thirds northern ireland patient use virtual gp ... news come nh patient healthcare professional forâ ... URL ,Sadness,0.520292
11/3/2020,URL robbie williams' new album delayed coronavirus #robbiewilliams USER URL URL ,Sadness,0.540824
11/3/2020,nroom â cork seeing development momentum despite reduced commercial property transactions: ... transaction level commercial property according cbre ireland. ... threat no-deal brexit irish government's response covid-19.â¦ URL ,Analytical,0.942691
11/3/2020,"happy quarantine birthday mother nature â¥ï¸ðððð poblacion, la nieves, agusan del norte URL ",Joy,0.909582
11/3/2020,"utc -7 zh â china call emergency stockpiles, lesson learned fighting virus: experts: ""chinese city heavily populated. surprise critical material transported distributed right anâ ... viewâ¦ URL ",Analytical,0.77494
11/3/2020,hope keeping safe crazy times. #corona #bremerhaven #peace #lockdown #election2020 bremerhaven-hafen URL ,Analytical,0.952933
11/3/2020,pre-pandemic backlog march 2020. definitely miss sara portal. drinking ascending USER sante adairius santa cruz portal â URL ,Sadness,0.508118
11/3/2020,pre-pandemic backlog march 2020. drinking maman (2018) perennial artisan ale gran paradiso park â URL ,Joy,0.511965
11/3/2020,"ucl president provost michael arthur released statement clarifying new covid-19 restriction affect ucl activity, following pmâs announcement saturday URL ",Analytical,0.85365
11/3/2020,happy uae flag day #sentineldubai #uae #flagday #raiseithigh #raiseitproud #uaeflagday#postivity #dubai #uae #mydubai #abudhabi #inspiration #respect #grow #growth #team #covid19 #officespace #entrepreneur #ceo #startup URL ,Joy,0.936318
11/3/2020,working home bongo van get fixed. preparing weekend sale fri-sunday blair castle. yell need melt iâm fully stocked just now. westhill URL ,Sadness,0.566668
11/3/2020,"speechless. vienna. â¡ hope staying safe stay home recent event lockdown starting. community. vienna stay strong. vienna, austria URL ",Tentative,0.911392
11/3/2020,"great pas test attempt, just lockdown, jem! #bristoldrivingschool #bristoldrivinglessons #joelsdrivingschool URL joel's driving school URL ",Tentative,0.904882
11/3/2020,"lockdown loom closer just quick message say stay safe everyone....â¤ï¸ diss, norfolk URL ",Analytical,0.532616
11/3/2020,"covid-19 impact #yoga exercise mat market size, share, new trends, growth, outlook study report 2020 2025| airex ag, lotus design, eupromed zenit news URL ",Joy,0.605353
11/3/2020,ð love empathy needed enter lockdown number 2. weâll making cakes. order telephone booked online. #lockdown #lockdown2 #love #empathy URL ,Joy,0.731476
11/3/2020,fighting stigma stop child playing courtyard apartment complex?: truth apartment development ireland child friendly covid-19 simply shone light this. implication forâ ... URL ,Sadness,0.61322
11/3/2020,"wear mask hide true feelings. know really feeling &amp; hiding inside. #bekindalways #empathy #talktosomeonetoday #feelingsinside sligo, ireland URL ",Sadness,0.578336
11/3/2020,"#life #update #updates #lifeupdates #covid_19 #covä±d #covid19 #covid #wearamask #wearyourmask #mask #maskup #sick #delay #delays #artistsoninstagram #artistsofinstagram #stayupdated abilene, texas URL ",Sadness,0.793954
11/3/2020,"happiness contagious. come ""taunish"", it's pandemic ð· à¦à§ à¦§à¦¨à§à¦¯à¦¬à¦¾à¦¦à¥¤ hatirjheel à¦¹à¦¾à¦¤à¦¿à¦°à¦à¦¿à¦² URL ",Joy,0.779694
11/3/2020,"coronavirus daily update: 02 nov 2020, isle man 355 confirmed cases. #coronavirus #iom #coronaupdate URL ",Analytical,0.920556
11/3/2020,ð¯ðµ quarantine complete; time ready USER toto japan classic ð°ð·â³ð°ðï¸ââï¸ð¯ðµ #koreangolfnews #jlpgatour #golf #jlpga #japan #instagolf #golfing #media #korea japan URL ,Joy,0.546098
11/3/2020,"#lockdown day beautiful #sunset ð #lifestyleblogger #cryptoblogger #appics URL leonberg, germany URL ",Joy,0.819798
11/3/2020,"fighting stigma coronavirus ireland: galway school confirms kid asked stay home child test positive: letter sent parent guardian yesterday said: ""a child school tested positive covid-19 mid-term break. thisâ¦ URL ",Sadness,0.655322
11/3/2020,"whatâs open jerusalem? check latest blog post. URL jerusalem, israel URL ",Analytical,0.802429
11/3/2020,*preview* USER steps' created uk lockdown attempt remember positive aspect difficult time auction! bid yet? URL #fundraising #charity #architecturalillustrations URL ,Analytical,0.596122
11/3/2020,delicate (and hopefully stronger) version rainbow mandala. entirely sure it. good news class continue lockdown. guildford adult learning centre URL ,Joy,0.740493
11/3/2020,pre-pandemic backlog march 2020. drinking spiritual state USER USER â URL ,Analytical,0.551743
11/3/2020,coronavirus: couple rearrange wedding beat england lockdown URL ,Joy,0.607252
11/3/2020,nroom â irish low-paid worker worst affected europe covid-19 pandemic: it's surprise young people feel greatest impact covid-19. told week leading psychologist belief teen andâ ... viewâ¦ URL ,Tentative,0.601046
11/3/2020,pre-pandemic backlog march 2020. drinking i.h.o.p. honor pancake USER gran paradiso park â URL ,Joy,0.603892
11/3/2020,#portugalâs president mull covid-19 state emergency URL ,Analytical,0.610552
11/3/2020,"âas net drew closer, took solace meâ pre-lockdown swim pod USER #seaswimming #wildswimming #cullerfornia #cullercoats #outdoorswimmingsociety cullercoats beach URL ",Joy,0.576907
11/3/2020,"big cakes, brownies, slice thing lovely pre lockdown day number number 3, tavistock pannier market URL ",Joy,0.723547
11/3/2020,allowed let plate expire it's renewal lockdown? ,Analytical,0.838593
11/3/2020,"function requirements. whatsapp viren 0630315867. booking november, december year. follow strict covid-19 protocol. durban, kwazulu-natal URL ",Analytical,0.694442
11/3/2020,lockdown 5/9 pm patience &amp; understanding. *4 better 2morrow safe.. â¤ï¸ thessalonã­ki URL ,Analytical,0.908592
11/3/2020,running puzzle club today 10-12 social distancing place come occupied lockdown! new oriel hall URL ,Joy,0.677316
11/3/2020,donât forget sign training session lockdown. contact director rugby nic churchill cranleighrfcdorUSER dm confirm space today! #gocranes #lasttrainingsesh URL ,Analytical,0.596122
11/3/2020,"#lockdown #project completed bring #lockdown #hottub #bath time #garden time #staycation keswick, lake district URL ",Joy,0.727528
11/3/2020,"fighting stigma: 'half doctors' say mental health affected coronavirus pandemic: half doctor working northern ireland say mental health worse covid-19 pandemic, 70% saying areâ ... URL ",Sadness,0.549412
11/3/2020,"#brazil register 8,501 new covid-19 case URL ",Analytical,0.506763
11/3/2020,"fighting stigma: covid-19: early lift level 'not anticipated' death 767 case confirmed: speaking evening department health briefing, chief medical ... dr holohan said health official concern recentâ¦ URL ",Analytical,0.764644
11/3/2020,did somebody say pizza delivery!! order:- URL 668598 #pizza #pizzadelivery #italianfood #admiralsarm #kentpuboftheyear #supportlocal #supportsmallbusiness #stayhome #staysafe URL ,Tentative,0.5538
11/3/2020,â¢ #projectpmac today maybe day need kick start lockdown fitness. itâs pointless itâs needed #pmacfitness shoreditch URL ,Sadness,0.627794
11/3/2020,delivery lockdown. kind emotional... ka-pow comic URL ,Tentative,0.991679
11/3/2020,"fighting stigma ireland's completely cashless society post-covid catastrophic living ...: debate constitutes essential versus non-essential retail item dominated news recent days, theâ¦ URL ",Sadness,0.570809
11/3/2020,good availability today grab session lockdown 2.0. drop message jump booksy secure session! rw sport massage therapy URL ,Joy,0.647259
11/3/2020,white house coronavirus adviser warns âdeadly phaseâ: private memo dr. deborah birx contradicted president trumpâs false assertion pandemic ârounding corner.â hereâs latest. URL (vã­a nytimes) URL ,Fear,0.576146
11/3/2020,join #thenewinn #farmborough quiz #lockdown! 7:30pm start #guiltypleasures #quiz cash won URL ,Joy,0.596593
11/3/2020,french govt reimpose #eveningcurfew #paris covid scenario worsens URL ,Sadness,0.524699
11/3/2020,stay safe bonfire night! #november #bonfirenight #stayhome #staysafe ieuenctid torfaen youth URL ,Analytical,0.802429
11/3/2020,lockdown projects! weâve got handmade poppy fabric &amp; trimming #armisticeday handmade projects. open today &amp; tomorrow prior lockdown. #atherton #heyholetssew hey ho let's sew URL ,Joy,0.749544
11/3/2020,#workfromhome office open #businessasusual âlockdown 2â style ... #bringiton #tuesday #tuesdaymotivation #staysafe #stayhome USER USER ð·ð¨âð»ð ð costa coffee URL ,Joy,0.616991
11/3/2020,"fighting stigma â protecting health workers' safety world: additionally, health worker world face stigma discrimination. mexico, healthcare personnel denied access public transportâ ... URL ",Sadness,0.654396
11/3/2020,USER USER USER lockdown effective check police defence force member occurred melbourne mega isolation recently. test &amp; trace radically improved enforced. fined $$ breaching lockdown ,Analytical,0.978852
11/3/2020,"nroom â ireland need harness community spirit covid-19 control, leading ...: told irish sun: âthere long discussion going level week actually did. think changed people'sâ¦ URL ",Analytical,0.922225
11/3/2020,determined quizzing lockdown version continued support letâs quizzical going... way quizzical... 1) book virtual christmas party 2) use quiz door service 3) book virtual quiz URL ,Joy,0.533143
11/3/2020,"flight pandemic! vote, hopefully land later evening world wonât fire! chicago o'hare international airport URL ",Joy,0.566571
11/3/2020,"kind poll worker today! drove brookdale school social distancing waiting inside vote ð³ bloomfield, new jersey URL ",Tentative,0.928648
11/3/2020,limited table available tomorrow! pre lockdown special looking huge ðð¼ URL pure-bar bexleyheath URL ,Joy,0.6674
11/3/2020,"doing best safe covid. eastpointe, michigan URL ",Analytical,0.931994
11/3/2020,"ticket live biermi! covid restriction (seriously, ew), thing working little bit different. check event detail facebook info. link bio. hysteria brewing company URL ",Analytical,0.916623
11/3/2020,"impact covid-19 sea bream market 2020 industry challenges, key players, types, applications, countries, market size, forecast 2026 technoweekly URL ",Analytical,0.635961
11/3/2020,"hope #world are, #staysafeandhealthy! greeting #remscheid, #germany!!! #arunfoot #staysafe #healthy #pandemic #coronavirus remscheid, germany URL ",Joy,0.804455
11/3/2020,better late never! weâve got cover day pub open lockdown. table outside come serve sure early avoid disappointment! URL ,Confident,0.9681
11/3/2020,#siopso58 open monday USER quite bit new stock arrived lockdown siop so58 URL ,Joy,0.54843
11/3/2020,china report 49 new coronavirus case URL ,Analytical,0.560098
11/3/2020,"fresh lockdown. ðº #getonthebeers #dantoldusto #topshelf #freshoutoflockdown melbourne, victoria, australia URL ",Joy,0.523793
11/3/2020,"coronavirus job retention scheme (cjrs) extended december, furloughed employee set receive 80% salary hour worked. URL #cullomptonaccountants #businesssupport #covid19support #furloughextension #cullompton URL ",Analytical,0.701906
11/3/2020,"love working home enjoy good lunch. love crispy onion mmmm happy days. #goodlunch #crispyonions #happydays wandsworth, wandsworth, united kingdom URL ",Joy,0.960664
11/3/2020,lockdown horizon time look good time ð¤·ð»ââï¸ night tale URL ,Joy,0.672848
11/3/2020,"USER anything, rep conservative thing scaring dems. trump voter turn regardless (f covid say). ",Fear,0.653094
11/3/2020,"week 33â¦ complete sleeping-on-the-job coworker ð¹ #wfh. #stayhome #ivotedearly (@ temporary home office utica, ny) URL URL ",Tentative,0.936899
11/3/2020,USER #sexyjesus USER #dirtypriest party lockdown USER ð¥ð¥ð¥ð¥ #halloween #atomicbombshells #priest #father #circus proud cabaret brighton URL ,Joy,0.845624
11/3/2020,just let know weâre fit boiler need covid covid let help you! save time money URL saint albans URL ,Tentative,0.902459
11/3/2020,brightonians really want primark fix lockdown ii hits. #brighton #panicbuy #lockdown brighton URL ,Sadness,0.711101
11/3/2020,millie cancellation today half head cut blowdry 2.30pm. comment whatsapp 02083621515 want it. chance lockdown james whitaker hairdresser enfield URL ,Sadness,0.607064
11/3/2020,"november 3rd 2020. dark cool 4c morning near penetanguishene. #tinytownship #covid19 clearwater beach, ontario URL ",Joy,0.676225
11/3/2020,ontario release report covid-19 emergency measure URL ,Analytical,0.838593
11/3/2020,today met guy tattooðð¼ ... train watch good movie november. #lockdown #berlin #workout #tattoo #television #streetlife volkspark friedrichshain URL ,Joy,0.774724
11/3/2020,"just let know, majority plant stock reduced 20% discount lockdown! donât miss out! plant need home â¹ï¸ð±ð diane's floral design URL ",Tentative,0.85591
11/3/2020,just neck time. superb exhibition early work USER great insight practice area held USER #highlyrecommended (after #lockdown) URL ,Analytical,0.883404
11/3/2020,#vote vote like life depends it. vote itâs civic duty. vote kid watching move. voting pandemic snowstorm interesting. #maskup ð· ðºð¸ âï¸ #ivoted URL ,Joy,0.73959
11/3/2020,"perfect villa 2nd lockdown, yes no? ð #aman #amanjunkie #amankila #manggis #eastbali #bali #sassychris1 #sassychris1bali amankila URL ",Joy,0.649259
11/3/2020,"look wfh setup. zoo. #zoo #wfh #randomclick #daughterstoys #enhancementrequest pune, maharashtra URL ",Tentative,0.966403
11/3/2020,judge limit california governor newsomâs power pandemic. doe everybody feel this? havenât read heâs doing should. #breakingnews #naturalhealth #healthnutnews #medicalfreedom URL ,Tentative,0.647781
11/3/2020,boris johnson denies lockdown extension claim URL ,Analytical,0.94715
11/3/2020,"construction client network: news national lockdown coming week, confirmation construction &amp; house-building continues 4-week period unabated, looking expand, stay stable reduce headcount? #construction #lockdown URL ",Analytical,0.99284
11/3/2020,tired covid-19? amð USER #capellaubud #sassychris1 #sassychris1baliubud capella ubud URL ,Sadness,0.66553
11/3/2020,fighting stigma: sign end public worship ban ireland: discussion taoiseach bishop focused mainly effect current covid-19 restriction having healthâ ... URL ,Analytical,0.85365
11/3/2020,"miss fun ð«ð«ð« raggedy as covid stole damn year ... traveling concert .... i'ont feel right ð¤£ southeast, washington, d.c. URL ",Tentative,0.68097
11/3/2020,fighting stigma covid-19 school absences: parent teacher need know: child entitled remote tuition risk? parent face losing school place homeschool children? we've examinedâ ... URL ,Analytical,0.51064
11/3/2020,true!! #wearamask #covid_19ð· #stayhomestaysafe #caronavirus2020ð· north holland URL ,Confident,0.704642
11/3/2020,"...46/100...chose feel hunky-dory today...lockdown start thursday, today scary day american pals...but need stay positive...(also term date 1876 yokohama, japan!) ð URL ",Fear,0.544786
11/3/2020,novemberâs calendar events! fun person virtual activity enjoy! link bio #happynovember #inboxconcierge #outandaboutwithmaryannðð #brownharrisstevens #bhs #halstead #staysafe #wearamask #nystrong URL ,Joy,0.871663
11/3/2020,"utc -7 â amid covid, govt hospital deliver: âour health staff treated pregnant woman utmost care. effort health staff, ludhiana district stand number deliveryâ ... view article... URL ",Sadness,0.581465
11/3/2020,âi need hug month sleep.â #britishmuseum #dayoff #friendship #bestie #wearamask #exhibition #london #picoftheday #missingyou #quoteoftheday british museum URL ,Joy,0.82513
11/3/2020,gay flight attendant sue china southern airline suspending footage kissing ...: related articles. professor lockdown team say covid-19 kill 1.15% patient wealthy country like uk ageing populationâ¦ URL ,Analytical,0.747663
11/3/2020,just posted photo corona barbershop plus URL ,Tentative,0.91961
11/3/2020,"principal updates!! week schedule, dmv notice, 9-11th parent night, senior vaccine extension, ap students, senior portrait make day, 9-11 picture make day, campus lunch, wednesday holiday! URL ",Joy,0.797067
11/3/2020,"vote! exercise rights, democracy chance. stay positive weâre gonna this. #traveltuesday #staysafe #wearamask #tulum #papaya playa #fucovid19 #day300 URL ",Joy,0.760515
11/3/2020,thanks purchase USER ...great choice ð lockdown corner deliver. #vintiquelondon #deliver #lockdown won't beat ðª vintique london URL ,Joy,0.647886
11/3/2020,#lockdown info hair shirley URL ,Analytical,0.882284
11/3/2020,"fighting stigma â suspicion greets returning migrant pandemic: âpeople think rejected stigmatized normal, actually ... stigma sarudzai child eased, say someâ ... URL ",Confident,0.579436
11/3/2020,fighting stigma: covid postcode data show fall hotspots: figure released department health yesterday latest death northern ireland's overall confirmed death toll theâ ... URL ,Sadness,0.594484
11/3/2020,"despite covid-19 pandemic, officially welcoming #christmas home! #52daysbeforechristmas ððâï¸ð ð»ð la piã±as URL ",Joy,0.749099
11/3/2020,"fighting stigma: strict irish covid-19 curb 85000 people temporarily work: dublin (reuters) 85,000 people claimed temporary covid-19 jobless benefit ireland moved highest level ofâ ... URL ",Tentative,0.716301
11/3/2020,blow lockdown! ð½ðððð»ð¾ð¥³ USER USER halloween edition peak!ð« #halloween2020 #bluemoon #pioneerplays #lastblow #londonlife #secondlockdown oval space URL ,Joy,0.678758
11/3/2020,pop try week special treat lockdown day time betty bumbles vintage tea room URL ,Joy,0.728084
11/3/2020,election day 2020 classy america. world watching stage today. #election #vote #politics #coronavirus #guncontrol #lgbtqrights #womansrights #usaðºð¸ URL ,Sadness,0.519604
11/3/2020,thought second lockdown (&amp;amp; reflection one) URL ,Tentative,0.615352
11/3/2020,todayâs day pre-lockdown USER camden. come pick lovely luxurious aromatic hand sanitiser! perfect xmas gift uncertain times! buck street market URL ,Joy,0.856849
11/3/2020,"lovely reflection shadows, inevitable ð erev #election2020 boarding #sadreality polarized #covid19 society #vote #latergram #nyc new york, new york URL ",Confident,0.618451
11/3/2020,weâre busy week?!! tapathon t-shirtâs arrived pick church hall tonight &amp; tomorrow lockdown! group email iâll send now. mr st mary's church &amp; parish centre URL ,Joy,0.527255
11/3/2020,coronavirus death surrey hospital 200 new case recorded 24 hour URL URL ,Sadness,0.602044
11/3/2020,"restaurant go, happens cities?: restaurant crucial drawing young highly educated live work central cities. pandemic erode foundation. URL (vã­a nytimes) URL ",Analytical,0.551743
11/3/2020,USER including patient clinical trial circumstance phenomenal. do. canât stress crucial finding therapy covid-19. liverpool! USER USER USER USER ,Sadness,0.52997
11/3/2020,working poll today! covid team! ðºð¸ð³â ð· #vote2020 #maskup #democracyinaction university plaza hotel &amp; convention center URL ,Joy,0.515107
11/3/2020,"panic buying entire lockdown.. reading, england URL ",Fear,0.802668
11/3/2020,prepping #lockdown visiting fittingly reinterpreted local landmark #graffiti #graffitiart #banksy #covid_19 #lockdownuk #visitbristol bristol marina URL ,Analytical,0.506763
11/3/2020,online stretch strong skinny class available booking november lockdown. â£5 payg unlimited access â£35. minimum class week. #aerialallsorts #aerialallsortsplymouth URL ,Joy,0.516753
11/3/2020,"election day here, havenât vote! need change exercise right vote! ð³have great day everyone!! ð URL need polling place &amp; âwear maskâ! ð· URL ",Joy,0.759992
11/3/2020,"todayâs 03-11-2020, corona report kuwait ð°ð¼ mahboula, state kuwait URL ",Confident,0.543112
11/3/2020,"look like bse corona count making slap back, lol. funny. #comedy #comedyvideos #covid #countdown #tv #film bomb shelter entertainment URL ",Joy,0.518022
11/3/2020,"fighting stigma: coronavirus northern ireland: senior medic dr tom black call second lockdown saying ...: ""it inevitably result health service overwhelmed, inevitably result increased pain, suffering death ourâ¦ URL ",Sadness,0.846739
11/3/2020,"USER best #covid19 #maskup reposted USER hoboken, new jersey URL ",Joy,0.648914
11/3/2020,gym selfie 2nd lockdown time weigh-in!! dw fitness ewell URL ,Joy,0.786403
11/3/2020,USER wish smell beautiful bucket basil #microgreens ððð¿ð¿ basil harvest day favorite! (and welcome anecdote election covid anxiety) #littlewildthings #basillove #saladshare URL ,Joy,0.822183
11/3/2020,homeward bound ready lockdown ð #stayhome m62 west! URL ,Joy,0.63547
11/3/2020,"definitely favourite autumn. looking great collab. little USER baby come make wish âlockdownâ word used war movie only. tielt, belgium URL ",Joy,0.816255
11/3/2020,missing nsd night USER nsd: social distancing rockwell miami URL ,Sadness,0.670797
11/3/2020,"iâd spend month quarantine soulmate make life better way. happy anniversary husband!! ð¥° la vegas, nevada URL ",Joy,0.858479
11/3/2020,"fighting stigma â namibia: health worker massive awe contact tracing coronavirus workers: moreover, people experienced stigma undergo necessary counselling psychosocial support. furthermore, health worker coming upâ ... URL ",Confident,0.884333
11/3/2020,"quarantine, check. civic duty, check. future voter, check. #govote #herfuturedependsonit #elenaruth #futurevoter #wevotedðºð¸âï¸ martinsville, virginia URL ",Analytical,0.946272
11/3/2020,leaving quarantine. #thankful #quarantinelife clements' marketplace URL ,Joy,0.562387
11/3/2020,"&amp; safely vote today! ð³ð·ðºð¸ #vote #election2020 #wearamask buffalo, new york URL ",Analytical,0.815123
11/3/2020,advent calendar candle half price clear lockdown hurry stock now! #oxfam #oxfamkingsheath #sourcedbyoxfam #divine #advent #adventcalendar #adventcandle oxfam king heath URL ,Confident,0.927401
11/3/2020,magic number. vote charlatan white house! #trumpout2020 #vote2020 #votebidenharris2020 #change #nomore #pandemic #back #to #normal #life washington d.c. URL ,Joy,0.71287
11/3/2020,"it's election day! sure vote haven't wear mask! #ivotedðºð¸ charlottesville, virginia URL ",Confident,0.775702
11/3/2020,"gift season here. pandemic stopped lot regular activities, spreading joy kindness important ð #spreadkindness #shopsmallbusiness #uniquegifts #shellart #newarrivals URL ",Joy,0.894765
11/3/2020,"way gainesville. awhile able pandemic. covid19 ain't joke. happy getting swing thing shands. kissimmee; orlando, florida URL ",Joy,0.505157
11/3/2020,âaddictive confessionsâ live snippetð¥ friday lit USER official pandemicðð½ð· #airwaves elrays live&ampEMOJIwinkive URL ,Joy,0.588281
11/3/2020,didn't let wind stop getting step in. face shield purpose too. #healthyliving #healthycouplesstaytogether new jersey URL ,Analytical,0.750021
11/3/2020,"caos: poster far-right student movement azione studentesca street current mood rome #roma #covid_19 #todaymood rome, italy URL ",Joy,0.547946
11/3/2020,"fancy meal lockdown... ðð¥© (@ smith &amp; wollensky USER london, greater london) URL ",Joy,0.630125
11/3/2020,"ca nroom â experience covid-19 pandemic: began way capture story latino world war ii ... york time showed latinos, people black communities, areâ ... view article... URL ",Joy,0.508517
11/3/2020,excited pre-lockdown haircut âï¸ red barber shop URL ,Joy,0.900478
11/3/2020,weâre quite sure lockdown mean making work trying positive attitude hope â¤ï¸â¤ï¸â¤ï¸â¤ï¸â¤ï¸â¤ï¸â¤ï¸â¤ï¸â¤ï¸ islington URL ,Joy,0.639403
11/3/2020,session beach weight lockdown big man USER ð #bouncegym bounce gym wimbledon URL ,Joy,0.553807
11/3/2020,"fighting stigma: telemental health market research forecast 2027 post impact worldwide covid-19 spread ...: ... key player cisco system inc. (us),amd global telemedicine (us),aerotel medical system (1998) ltd. (israel),medtronicâ¦ URL ",Analytical,0.753696
11/3/2020,day furlough. bake brownies. #furloughlife #furlough #lockdown #chocolatecake #chocolatebrownies #chocolate #chocolatelife tpptsouthampton URL ,Joy,0.586279
11/3/2020,corona ca tue nov 3rd forecast: today partly cloudy hi 84 tonight partly cloudy lo 54 ,Tentative,0.615352
11/3/2020,gym session (probably) lockdown again. arm leg hurt again... #iwillgetfit #myarmisthereitsjustthelight #instagay #needahaircut jd gym barnsley URL ,Tentative,0.928648
11/3/2020,canât lockdown sampling costaâs christmas delight ðð ð»ð #costachristmasdrinks #costachristmaspanini #santamuffin costa coffee URL ,Joy,0.881012
11/3/2020,"student tantra experience. everybody multiorgasmic. #tantragirld #tantramen #tantralove #workshop #zurich #demisexual #multiorgasmos #disfuncionessexuales #students #covid en zã¼rich, switzerland URL ",Joy,0.554981
11/3/2020,"14:24 level traffic busy all. #capetown #lockdown #covid_19 #notraffic #road #streetlight #sidewalk #level1 #southafrica #streetphotography #nikonphotography cape town, western cape URL ",Confident,0.922197
11/3/2020,#australia done!! #teamfauci USER answer #covid_19 #votebluetosaveamericaðºð¸ð #trumpiskillingamericans florida URL ,Analytical,0.842108
11/3/2020,"today challenge working home, solar panel added roof. doe a-sound like herd elephant dragging trees, b-sound like hurricane epic proportion pulling roof off... URL ",Joy,0.670519
11/3/2020,"new coronavirus curb #ireland leave 85,000 temporarily job URL ",Tentative,0.822231
11/3/2020,"#maskupnh #getoutthevote today #carrollcountynh #wearamask #vote2020 #weareinthistogether #votelikeyourhealthdependsonit fmi URL carroll county, new hampshire URL ",Joy,0.56213
11/3/2020,"love working conservatory. prior lockdown used cafes, lovely, having carry computer bliss! plus, colour autumn roof lovely! URL ",Joy,0.944948
11/3/2020,just decent photo dining pandemic! cebu city URL ,Tentative,0.987926
11/3/2020,smyths brimming parent pilling trolley christmas gift URL URL ,Joy,0.630627
11/3/2020,36 hour lockdown... #enfield #energie #timetotrain ãnergie fitness URL ,Joy,0.721345
11/3/2020,finally here...election day 2020! just vote! USER USER USER USER #vote2020 #vote #wearamaskð· #doingmypart #wewillsurvive #savelives #iwearmymaskforyou verdugo woodland URL ,Joy,0.642479
11/3/2020,"10.29.2020 23 new positive covid-19 test result hunt county new death. greenville, texas URL ",Joy,0.601542
11/3/2020,preparing lockdown 2.0 lot filming editing saturday rollout effective coaching package thursday. got ð #teamapoc #lockdown #coaching #online #wegotthis URL ,Joy,0.648736
11/3/2020,thank gifts! time opted gift well. â¤ï¸ late post gadget iâm excited amidst pandemicâs high cases. late gift welcome. lol! ð ðð¤£ 25th. ð¥°ðð URL ,Joy,0.672963
11/3/2020,just posted video corona barbershop plus URL ,Tentative,0.91961
11/3/2020,waking early mean good breakfast! #workfromhome #dogmom #girlsthatcook #misfitsmarket rhode island URL ,Joy,0.748223
11/3/2020,"set matching rainbow basket recycled newspaper fit ikea type shelving system.delivered today just lockdown again. bedford, bedfordshire, united kingdom URL ",Tentative,0.893364
11/3/2020,"fighting stigma: ireland's death rate recent month 'broadly line' previous years, suggesting covid-19 ...: ""experimental analysis"" death notice mortality ireland ... health information quality authority (hiqa) hasâ¦ URL ",Sadness,0.550476
11/3/2020,ava having fun 1st halloween themed sensory class... little hermione ð¤£ðð sadly cause lockdown wait class canât wait ð¤ pipsqueaks play cafe URL ,Sadness,0.64683
11/3/2020,sneaky midweek pre-lockdown swim beautiful man oâwar beach..... durdle door URL ,Joy,0.805696
11/3/2020,"fighting stigma: 'if school going, absolutely fear health service': nursing chief ...: royal college nursing director pat cullen said closure school northern ireland lockdown measuresâ¦ URL ",Fear,0.794507
11/3/2020,pre lockdown treat ð #costacoffee #aftereightmuffin costa coffee URL ,Joy,0.601078
11/3/2020,"ðððright! bring hand sanitizer purse pocket. stop asking borrow hand sanitizer gardena, california URL ",Joy,0.560274
11/3/2020,"11/02/2020 8:30 pm 30 new positive covid-19 test result hunt county. greenville, texas URL ",Joy,0.567982
11/3/2020,tea book lockdown 2.0 ðªð» iâve got love reading recently couldnât happened better time! youâre planning doing lockdown? URL ,Joy,0.782196
11/3/2020,#techtuesday squeezing tech class lockdown tonight latin 8pm tomorrow ballroom 8pm stay safe &amp; dancing ð karen hardy dance studio URL ,Joy,0.730227
11/3/2020,"fighting stigma: strict irish covid-19 curb 85000 people temporarily work: dublin, nov (reuters) 85,000 people claimed temporary covid-19 jobless benefit ireland moved highest level ofâ ... URL ",Tentative,0.698904
11/3/2020,"ontario confirms record 1,050 covid case today URL URL ",Analytical,0.920855
11/3/2020,"10.31.2020 20 new positive covid-19 test result hunt county. greenville, texas URL ",Joy,0.752524
11/3/2020,remember folk open today till 10pm tomorrow 12 till 10. chance grab northampton best kept ale cider lockdown start thursday. st giles ale house URL ,Joy,0.553245
11/3/2020,blessed #kenya #safari #corona #amor #amazing #wellness #welcome keron safari &amp; hotel URL ,Joy,0.945264
11/3/2020,"#ivoted2020 today day america! vote!!!! ðºð¸ make voice heard! make america unbelievable again! #rockthevote #bleedblueð corona, california URL ",Joy,0.709752
11/3/2020,"feel grateful &amp; blessed having friend do, appreciate youâll know â¨ thank pre lockdown birthday fun! ð¸ð chelsea king road URL ",Joy,0.977955
11/3/2020,just day trading left lockdown- pop tomorrow vintage essentials! #vintage #vintageinspired #lockdownagain #supportsmallbusiness #gloucesterroad repsycho URL ,Joy,0.775081
11/3/2020,"nroom â report record breaking number daily covid-19 cases, expert say worst come: racial minority continue harder hit pandemic; hospitalization rate hispanic latino people approximately 4.4â¦ URL ",Sadness,0.621826
11/3/2020,"fighting stigma: 493 covid-19 case confirmed northern ireland eight...: region's health ministry announced people sadly died virus. 52 patient treated intensive care units, 42 whomâ ... URL ",Sadness,0.815639
11/3/2020,10 day .. menow. covid really nasty little creature. don't worry i'm better now. sint vincentius ziekehuis antwerpen URL ,Analytical,0.643758
11/3/2020,"data includes 86 new positive coronavirus (covid-19) cases, bringing districtâs overall positive case total 17,524 additional covid-19 related deaths. [pr] coronavirus data november 2, 2020 URL ",Confident,0.965955
11/3/2020,texas record highest number total #covid19 case us! y'all need joe biden! URL #votejoe #vote #votetoday #votebidentoday #votebiden #electionday #electiondaytoday #voterepublicansout #votethemallout #voteagainsttrump #votejoebiden #bidenharris2020 ,Confident,0.828525
11/3/2020,itâs 30 day hopefully open door let countdown begin. thankful for? ðð´ð #teamcherrytree #ridingschool #horsesofinstagram #30daysofthankfulness #lockdown #mentalhealthawareness URL ,Joy,0.619743
11/3/2020,happy birthday bellini #bellini #birthday #happybirthday #karllaquit #tenor #singer #operasinger #operasingersofinstagram #classicalsinger #lockdown #lockdownart #lockdownartist #song #italiansong URL ,Joy,0.903067
11/3/2020,"hereâs picture clients, taken halloween week itâs nice big screen! ð¥ð¤ #onlineshow #carehomeentertainment #workingfromhome #halloween whitwick URL ",Joy,0.85888
11/3/2020,"unimpressed location. apparently, city immune #covid wearing masks...?!?!! (@ moe's southwest grill USER lake city, fl) URL ",Analytical,0.750021
11/3/2020,"fantastic installation michael kesslerâs work ðð¼ corona del mar, newport beach, california URL ",Joy,0.523315
11/3/2020,"feeling bit lockdown month furlough ... #treatyoself ð¤£ #bobafett #starwars #blackseries high wycombe, buckinghamshire URL ",Sadness,0.561632
11/3/2020,"aww, pleased couple finally tied knot. married lockdown 2020 bauble. #lockdownbauble #marriedatlast #unacasa #personalisedgifts #madeforyoubyme una casa URL ",Joy,0.892559
11/3/2020,"meanwhile, headquarters, handling simultaneous zoom meeting (sometimes time!), including music theory class taught coronaâs itzy! nyc URL ",Tentative,0.75152
11/3/2020,#just #pipped #lockdown #see USER USER #first #time iâd seen work #flesh. #lovedit. #expressive #art #painting marlborough gallery URL ,Joy,0.610459
11/3/2020,fighting stigma â mental health seriously leeds approach second national covid lockdown ...: yorkshire evening post's #speakyourmind campaign calling people share experience tackle stigma mental health. URL ,Sadness,0.508491
11/3/2020,russian heavyweight povetkin detected covid-19 URL ,Fear,0.61181
11/3/2020,pre lockdown afternoon walk. hill swanshurst park. #halloween ð pumpkin USER #sareholemill cole bank road. #moseley #hallgreen #sarehole sarehole URL ,Joy,0.71613
11/3/2020,night marked session lockdown. safe well. updated returning. university chester URL ,Analytical,0.829888
11/3/2020,"perfecting #homecooking lockdown? nurtured covered! weâll growing carpet cress, leaves, flower herbs, ready creations! ðð± trying? ðð URL ",Joy,0.816063
11/3/2020,food #healthyfood #eten #relax #bioboer #beer #training #trainen #doorgaan #covid_19 netherlands URL ,Joy,0.789261
11/3/2020,"club quarantine present âpole position â¢ race white houseâ â¢ brother USER rocking day ig live,to support voter â¢ listen vote!!! united state america URL ",Joy,0.655921
11/3/2020,"dinner tonight. comfort food, lamb shanks, dombolo veggies. #pepperedpeachcuisine #lockdown #homedeliveries #personalchef #privatecatering fourways URL ",Joy,0.646032
11/3/2020,#autumnal tree. petersfield road #hallgreen getting used lockdown walk begins. bowie roll gone though. hall green URL ,Joy,0.596336
11/3/2020,"like USER vote!! ð³ cool #dabudoodles mask ð·ð #election2020 #survivor #govote #wearamask austin, texas URL ",Joy,0.639176
11/3/2020,finally finished beauty ð #disney #jigsaw #dumbo #stayhome macclesfield URL ,Joy,0.87793
11/3/2020,great day didnât yesterday ð vote whomever release vaccine ð #djmd #park #sunny #redjacket #vibrant new jersey URL ,Joy,0.750923
11/3/2020,"day guys, vote! #electionday (@ ps19 corona, ny w/ USER URL ",Joy,0.576068
11/3/2020,fantastic walk USER crystal cove beignet breakfast dawn new day! #vote2020 #wearamask crystal cove state park URL ,Joy,0.86683
11/3/2020,best #negroni town ð partying like itâs 48 hour till lockdown ð¤£ð¥³ USER #supportlocal #tuesdaymotivation antipodea URL ,Joy,0.646835
11/3/2020,managing effect pandemic-induced burnout healthcare professional URL ,Analytical,0.93884
11/3/2020,"wear mask! stay safe safe! hajiganj, chittagong, bangladesh URL ",Analytical,0.978091
11/3/2020,"homedojo training ready zoom class firstdojo blackpool fylde coast best dojo active lockdown ð¥ð¥ ansdell, fylde URL ",Joy,0.584531
11/3/2020,new rule fine second lockdown? URL ,Joy,0.613679
11/3/2020,"fighting stigma: latest covid-19 comment health minister stephen level christmas: health minister's comment come ireland reported 767 case covid-19 yesterday, death disease. totalâ ... URL ",Sadness,0.607267
11/3/2020,"feel good represent civic duty. #vote corona, california URL ",Joy,0.827363
11/3/2020,fighting stigma: coronavirus northern ireland: department health report death 570 new cases: department health reported coronavirus related deaths. tuesday's dashboard update show death toll northernâ¦ URL ,Confident,0.770765
11/3/2020,"fighting stigma â sexual health service failing bame community coronavirus pandemic, say new report: love sex life lsl warns imposed stigma, culturally insensitive approach lack safe space education sexual andâ¦ URL ",Analytical,0.519491
11/3/2020,"weather looking fantastic weekend...conquer quarantine dirt &amp; grime bring beautiful shine vehicle deserves! ask weekend special! wilmington, delaware URL ",Joy,0.927909
11/3/2020,wrapped courage return despite covid URL ,Joy,0.545454
11/3/2020,chip shop goody !!! day left people !!!!! #lockdown #brixton #chicken #burger #fishandchips #vegan #seafood #sweet #wings #chipshopbxtn chip shop URL ,Joy,0.715668
11/3/2020,"hotel lockdown, bristol time USER #bristol #berkeleysuites #berkeleysquare #holiday #prelockdownbreak #citybreak #husbandandwife #happy #holibobs berkeley suite URL ",Joy,0.871207
11/3/2020,"business attire? optional. can-do attitude? required. learn skill automotive diagnostic specialist- $20.00/benefits -work home fit drivetime. learn &amp; apply today! URL #automotive #mesa, az ",Joy,0.540817
11/3/2020,covid test week sure nice knowing status. covel grand horizon room URL ,Joy,0.641336
11/3/2020,"posting sign polling place possible! poll hand water ppe #frontlineelectiondefenders #electiondefenders fort collins, colorado URL ",Tentative,0.944845
11/3/2020,family day ð¨âð©âð¦ fun day family yesterday havenât able ages! sad trip lockdown coming ð¢ hobbledown URL ,Joy,0.523734
11/3/2020,"need musical gear lockdown 2.0? hire amps, instruments, drumkits, mics &amp; sorts! head website quickly, let's make noise month. brighton electric URL ",Tentative,0.664175
11/3/2020,make sure vote wear mask man. sonshine preschool parma height baptist church URL ,Confident,0.966751
11/3/2020,"women, immigrants, covid victims, black, latinos, discriminated, fairly judged real tax-payers vote today. #ivoted #vote #fannyandco brooklyn, new york URL ",Tentative,0.71572
11/3/2020,come them. bring coffee. #chocolate #chocolatebrownies #chocolatelife #furloughlife #furlough #lockdown #bakinglove #baking tpptsouthampton URL ,Joy,0.778528
11/3/2020,new overcoat sartorial line USER pure cashmere delivery just time new lockdown! #ardentesclipei #overcoat #tailoringforwomen #purecashmere ardentes clipei URL ,Joy,0.641459
11/3/2020,"day 238, maylee enjoying sun bath attic #cat #cats #catsofinsta #catsofinstagram #catstagram #catsofig #catslife #pandemic #tabby #tabbies #tabbycat #formerferal #pets #kitty pittsburgh, pennsylvania URL ",Joy,0.76668
11/3/2020,visit hairdresser. way thing going! #lockdown #dogsofinstagram south ayrshire URL ,Joy,0.531029
11/3/2020,"john elway test positive covid, bronco ceo joe elli URL (vã­a tmz) ",Joy,0.52689
11/3/2020,just posted photo working home URL ,Tentative,0.946222
11/3/2020,coronavirus: death 322 new case confirmed ireland: latest figure confirmed health official evening. URL URL ,Analytical,0.995485
11/3/2020,"wear protectionð #wrapitup #maskon #covid_19 #covid #memestagram #look #l4l #follow #dt #doubletap #instafacts #manmadevirus #potd #tfler #haha #funnymemes #clt charlotte, north carolina URL ",Joy,0.667098
11/3/2020,fruit thank god USER bomb yall ð¥°ððððâï¸ð¤¦ð¾ââï¸ quarantine nola 2020 URL ,Joy,0.753249
11/3/2020,share!! mask space respect. #respect #resoectothers #localcafã© #wfh #independentbusiness #takeaway #takeawayfood #takeawaycoffee #blackheath #blackheathvillage #lewisham #hithergreen URL ,Joy,0.587824
11/3/2020,alton tower shuts 'until notice' england go lockdown URL URL ,Analytical,0.687768
11/3/2020,"#custommask #madeinitaly #covid_19 #protection #ppe #facemask touch need team,businesses school london, united kingdom URL ",Analytical,0.532616
11/3/2020,"pre lockdown cuddle little man going miss load taunton, somerset URL ",Sadness,0.749186
11/3/2020,"making grocery list *can* bring joy, use proper tools. ðð¸âï¸ð #stayhome #quarantinelife #travelmemories #someday boston, massachusetts URL ",Joy,0.664887
11/3/2020,âbecause covid...â âbecause pandemic...â âwe donât time...â [to care environment.] ððð #thewaywetrash #thewaywewaste #thereisnoaway #pandemic #covid #singleuseplasticeverywhere URL ,Analytical,0.761262
11/3/2020,read old day russian plow circle village âsacred power earthâ protect village. remembered iâd seen story village doing just corona URL ,Joy,0.512444
11/3/2020,"middle day birmingham new street, just tumbleweed blowing concourse. lockdown taking hold. ð¸ shot iphone 12 pro ð birmingham, united kingdom URL ",Tentative,0.884138
11/3/2020,"book slot now! celebrate end welsh lockdown...for now, treat you! lunacy boutique URL ",Joy,0.663116
11/3/2020,"recommend job? rn registered nurse covid compliance officer (entertainment production) URL #nursing #toronto, ",Analytical,0.821913
11/3/2020,5000 follower playlist â latin hit 2020âð¥â¤ï¸ð¥ thanks support! #papichulo #music #spotify #2020 #latino #latina #quarantine spotify URL ,Joy,0.827334
11/3/2020,just getting primark fix lockdown number mk1 shopping &amp; leisure park URL ,Tentative,0.75152
11/3/2020,tattooed good friend lockdown strike thanks trust mate #facetattoo #jobstopper #tattooedgeezer #goodbloke higgins &amp; tattoo URL ,Joy,0.813412
11/3/2020,lockdown jeremy new friend. 8â 8â available webshop ð #catpainting #catart #catartist #catartwork #catdecor #catloversofinstagram #catartofinstagram highley URL ,Joy,0.58983
11/3/2020,it's done. ð» USER #stansbigapple 35 pint joy. âºï¸ supply lockdown USER stockport URL ,Joy,0.562667
11/3/2020,"canât empty, covid secure gym kid school day run gauntlet dithering brenda veg aisle asda ð¤¬ð¤¬ clifford health club &amp; spa URL ",Joy,0.567452
11/3/2020,"â â â â â â â â prepare lockdown 2.0, USER posted nutrition tip week ð ð¤ link bio read lily soutter nutrition URL ",Joy,0.542943
11/3/2020,"fighting stigma: update 1-ireland's latest coronavirus curb 85000 temporarily work: (adds details). dublin, nov (reuters) 85,000 people claimed temporary covid-19 jobless benefit ireland moved theâ ... URL ",Tentative,0.956097
11/3/2020,just posted photo quarantine nola 2020 URL ,Tentative,0.91961
11/3/2020,living like damn broke as student ððð embrace struggle quarantine nola 2020 URL ,Sadness,0.642869
11/3/2020,just posted photo quarantine nola 2020 URL ,Tentative,0.91961
11/3/2020,covid test negative im ready trach procedure week!! got home shirt!! #trachlife #trachstar #tracheotomy #tracheostomy #disabledandfly #trachies emory university hospital midtown URL ,Joy,0.708943
11/3/2020,"smell flower can!! #cars #urbanphotography #cdmx #imaginaryworld #streetphotography #digitalpainting #covid_19 #quaratinecars mexico city, mexico URL ",Joy,0.740519
11/3/2020,"pregnant woman face increased risk covid: symptomatic, likely develop complication die nonpregnant woman symptoms. URL (vã­a nytimes) URL ",Fear,0.504231
11/3/2020,ready lockdown âï¸ #sheffield #gym #gymlife #covid19 #covid19 #workout #thegymgroup #thegymsheffield #fortysomething #selfie #mirrorselfie #gymselfie gym sheffield moor URL ,Joy,0.789468
11/3/2020,#gadala #sxoli #xorou #oriental #bellydance #november #covid gadala specialised centre teaching oriental belly dance athens greece URL ,Joy,0.649569
11/3/2020,enjoying sing james lockdown #happytimes #singing #goodforthesoil #choir #laughter #zoomies #windsor #gleefamily #mentalwellbeing windsor boys' school URL ,Joy,0.936758
11/3/2020,quebec's covid-19 number stable region getting worse URL #news #montreal ,Sadness,0.525467
11/3/2020,"glad fun 35th birthday year...between covid &amp; pregnancy, 36 just day neighborhood ððð¥³ #birthdaymemories #turnt #brunchin #birthdaybrunch tap 42 gable URL ",Joy,0.878341
11/3/2020,shoutout boris waiting birthday start lockdown ð birthday time URL ,Joy,0.745411
11/3/2020,"social-distancing worship catholic parish lady's acomb &amp; st. joseph's green hammerton, york URL ",Joy,0.55099
11/3/2020,"fighting stigma â value message 'will key convenience' uk enters recession: ... shopper want shake stigma expensive retain customer post-covid recession, retailer heard today. URL ",Fear,0.530175
11/3/2020,ðð¤­oops xmas shopping got goodiesð¤­ð #gap #christmasshopping #treatsforme #selfcare #ididbuytwopresents #allaboutbalanceð¤£ #happy #lovelivelaugh #covid_19 #2020ð pit! URL ,Joy,0.829633
11/3/2020,long time post anythink #covid_19 away. safe â¤ï¸ ø§ùø®ø¨ø± URL ,Analytical,0.720783
11/3/2020,"feel going lockdown...â£ â£ stay strong stay safe there, friends. dance again. â¤ï¸ berlin, germany URL ",Joy,0.736713
11/3/2020,"miss life corona ??? shot #chuckmulatv new orleans, louisiana URL ",Sadness,0.639805
11/3/2020,"vote! ðð» ðºð¸ pro tip: bring hand sanitizer pen. ð ps. wild actually kanye west ballot. ð oklahoma city, oklahoma URL ",Joy,0.693866
11/3/2020,"ð¥ heavy hearts, lock door beautiful mayflower enter second lockdown 2020!! sincerely hope staying continue remain so. can't wait open taking booking 3/12/20. URL ",Joy,0.732784
11/3/2020,"don't submit quit. apply job like ""licensed social worker telework ct"" cv health, look people know company. able reach hr directly. ready apply? check link bio. #socialwork #socialworker ",Analytical,0.706075
11/3/2020,"positive covid isolation table. mask, hand gel, wipes, bleach spray, book, cuppa tea tiara. #covid_19 #protectisolate #wearamask southbourne, dorset URL ",Joy,0.771022
11/3/2020,bye weeks. #lockdown number 2. hope go fast resume december. craggy guildford climbing URL ,Tentative,0.952443
11/3/2020,"#ivoted2020 delivery confirmed absentee ballot ðð³ ðºð²ðð #democracy #texas #covid19 #travelnurse san francisco, california URL ",Analytical,0.705784
11/3/2020,"jake helping dad work home today! #jakesjourney #jakestrong #canineepilepsy #workfromhome #hardwork #dogsofinsta galveston, texas URL ",Joy,0.596765
11/3/2020,miss baby act right quarantine nola 2020 URL ,Sadness,0.610976
11/3/2020,early birthday meal lockdown!! amazing service beautiful food USER USER great non alcoholic porn star fab xxx URL ,Joy,0.823332
11/3/2020,excited lockdown (lockdown harder) finger crossed isn't pint year ð¤ð» wapentake leeds URL ,Joy,0.638736
11/3/2020,sky news: coronavirus: england really breached 'worst-case' scenario? URL ,Sadness,0.703027
11/3/2020,"photo/ day 97: âa crack sky hand reaching meâ #quarantine #ig_cork #daily_ireland #loves_ireland #kinsale kinsale, ireland URL ",Joy,0.830316
11/3/2020,"stop staring clock day. it's time new career. follow view job title like ""sr. product manager, innovative payment solutions"" #workfromhome. #productmanagement ",Joy,0.655231
11/3/2020,need know travelling red funnel lockdown #2 URL ,Analytical,0.762356
11/3/2020,"fighting stigma: state introduced covid-19 policy case low â dr paddy mallon: meanwhile, chief medical officer dr tony holohan told oireachtas ... addition this, public health official expressed concern overâ ... URL ",Analytical,0.781949
11/3/2020,caution â ï¸ covid election post just sparkly shit USER #sparkle world! #nashvillefashion #2020 #anyoldiron opening soon code permitting old iron URL ,Anger,0.594756
11/3/2020,"ððð love freehand balayage USER creates amazing soft, multi dimensional colour, low maintenance perfect lockdown. canterbury, kent URL ",Joy,0.948871
11/3/2020,again.... ð³ ð³ ð³ ð³ ð³ ð³ midtown mayhem ð¤ #happy #fall #election #day #love #autumn #weather #midtown #centralpark #nypd #photooftheday #city #photography #instagood #nyc #pandemic #vote URL ,Joy,0.929272
11/3/2020,coffee today chicory need sober did pack cigarette cause ðð¿ making fool name quarantine nola 2020 URL ,Analytical,0.747994
11/3/2020,"night prayer tonight giving thanks praying work way hospitals, caring 296 people covid-19, serving hospital out-patients, countless reasons, stressful day URL ",Sadness,0.520357
11/3/2020,"week 34, tuesday: savouring moment freedom pre-lockdown 2.0 ð» classy outdoor nightcap ðð¥¶ #londonlife #lockdown #lgmfridays #lifeinthetimeofcorona #cheers #circuitbreaker #dirtymartini #rumpunch URL ",Joy,0.572558
11/3/2020,"got #rbgpearls110320 ready work. #raisehell #pinkmoonbaby #estheticslife #workfromhome pink moon, fka jane cowan, facial waxing URL ",Joy,0.518668
11/3/2020,swim light silvery moon lockdown. black soon hope!! charlton lido &amp; lifestyle club URL ,Joy,0.579579
11/3/2020,friut sour blackcurrant. super tasty. covid mean flight though. ð¿ drinking tbt: purple people eater USER USER â URL ,Joy,0.568749
11/3/2020,#autumn pre lockdown walk moseley new pool #swanshurstpark #moseley quieter compared earlier year. swanshurst park URL ,Joy,0.627009
11/3/2020,biggest sale combining massive blow come save big friday nov 27 **store rule social distancing effect** mission sport kelowna URL ,Analytical,0.85365
11/3/2020,"just got gear, sock &amp; data work... running weeks... #020 #lockdown #pleasevote2020 rowstudio amsterdam URL ",Tentative,0.647986
11/3/2020,you? ð like working home miss seeing friend family ð #lockdown #2020 united kingdom URL ,Sadness,0.531017
11/3/2020,"american dream increasingly collapsing, ravaged pandemic, job losses, business failures, especially divisive election, inspired song happened american dream? medium article provides link song: URL URL ",Sadness,0.724759
11/3/2020,"winter coming trump charge, virus expert fear worst: regardless election results, president trump directing governmentâs coronavirus response infection climb winter approaches. URL (vã­a nytimes) URL ",Fear,0.774591
11/3/2020,fighting stigma: covid-19: death 322 cases; 35 case meath 17 louth: 94 cent people who've died covid-19 ireland underlying health condition. quarter people who've contracted virus alsoâ ... URL ,Sadness,0.761891
11/3/2020,wisconsin football cancel virus cases. again.: 10th-ranked badger play purdue saturday continue struggle coronavirus containment closer ineligibility big title. URL (vã­a nytimes) URL ,Sadness,0.687508
11/3/2020,"day partial lockdown: best far #food #risotto #foodie #italian #yummy #athens #glyfada #greece #yummy #travel #travelgram glyfã¡da, greece URL ",Joy,0.928224
11/3/2020,"tried eat menu, splattered menu. didnât quite manage menu: guess weâll come post lockdown! great meal, great service, thanks guy xx butler arm URL ",Joy,0.837976
11/3/2020,USER thought little beauty USER appropriate evening! #welshgin #hibernation #lockdown #lockdowngin royal tunbridge well URL ,Joy,0.689114
11/3/2020,disposable eco USER arrived today. thing client safe. #clientsafety #patientsafety #ppe #covid_19 #staysafe #ecofriendly #disposable leamington therapy centre URL ,Analytical,0.61954
11/3/2020,it's minute poll closed yet. just #vote #bidenharris2020 #hiden #kamala #imwithher #wearamask #usa #election #american #redwhiteblue nihao baltimore URL ,Tentative,0.911392
11/3/2020,"closing #presidentialelection #season...... USER deserve tonight!!! USER ð¦¾ð¦¾ð¦¾ #whereinthenationisdb #thepeoplesadvertiser USER jacksonville, florida URL ",Joy,0.50944
11/3/2020,"voting time covid ðð½ðºð¸ god bless america! â¢ â¢ â¢ USER houston, texas URL ",Joy,0.766719
11/3/2020,"itâs pandemic all, little understanding affected all. company, crews, gate agents, ground ups, reservations. hard passenger them.... #jetbluesucks USER URL ",Sadness,0.560703
11/3/2020,"fighting stigma: coronavirus: ni health trust 'close reducing routine surgery': northern ireland's health trust getting close substantially reducing routine surgery healthcare system, bbc news ni understands. URL ",Sadness,0.516855
11/3/2020,meal lockdown wow didnât disappoint !! delicious !!ðð´ð·#thaidragonwells#thaifoodstagram#food thai dragon URL ,Joy,0.788697
11/3/2020,offener brief â USER #wenn #hilfe #dann #fã¼r #alle #die #jetzt #nicht #arbeiten #dã¼rfen #corona #zusammenhalt #gesund #bleiben #wirtschaft #lockdown #veranstaltungsbranche #event #agentur #koslikandfriends âï¸ URL ,Sadness,0.670048
11/3/2020,"it's quick, painless, did great job social distancing. #vote2020 milton, vermont URL ",Joy,0.740884
11/3/2020,"africa covid-19 situation report 27th oct 2020. courtesy annivers consults sango otta, ogun, nigeria URL ",Confident,0.880065
11/3/2020,offener brief â USER #wenn #hilfe #dann #fã¼r #alle #die #jetzt #nicht #arbeiten #dã¼rfen #corona #zusammenhalt #gesund #bleiben #wirtschaft #lockdown #veranstaltungsbranche #event #agentur #koslikandfriends âï¸ URL ,Sadness,0.670048
11/3/2020,"taken lockdown, rose garden.. #photography #photographer #photooftheday #canonphotography #instagram #instadaily #instagood #instaflowers #instaflower malvern, worcestershire URL ",Joy,0.9058
11/3/2020,"going weeks. donât forget.. â¤ï¸ #tuesday #lockdown #lockdown2020 #oneinamillion #oneinamelon #week manchester, united kingdom URL ",Analytical,0.668742
11/3/2020,chance bespoke cotton mask â£4. store tomorrow 10-4 #masks #covid19 #beatcovid19 #beatvirus #staysafe #washable #quality #bedifferent #covidmask warrington limited URL ,Tentative,0.865388
11/3/2020,hate missed gizmo's halloween bash year! year blast!!! damn covid-19 ð¡ gizmoâs bar &amp; grill URL ,Anger,0.582693
11/3/2020,"canceled. ð¥º time new corona job. ð¤ª #jackscoronajobs answer coming.... #statueofliberty #newyorkcity new york, new york URL ",Sadness,0.548129
11/3/2020,"pre-lockdown exercise 30kg deadlifts pre-emptive haircut, trying best shape. milton keynes URL ",Tentative,0.865388
11/3/2020,USER maybe people apartment noticed? glad work home sure. ,Analytical,0.883404
11/3/2020,ah ah ð think brain acting like sometimes... canât anymore #lockdown #2020 #funnymemes #tiktok england URL ,Sadness,0.710423
11/3/2020,"single day check number covid19 case death orange county california. today march 2020, saw new. minus death county. comments. california URL ",Sadness,0.611969
11/3/2020,"pre lockdown catch USER jacqui little one, sandbanks. #beach #sandbanks sandbank beach URL ",Joy,0.517782
11/3/2020,"imagine youâll look leaving lockdown 40âs grey v probable reality! wade garret v teen wolf dad! birmingham, united kingdom URL ",Sadness,0.690582
11/3/2020,open tomorrow 9.30am 7.30pm chance lockdown. ipswich waterfront URL ,Tentative,0.972662
11/3/2020,"fighting stigma preventative action: free flu vaccine children: time ireland, child aged 12 nasal flu vaccine free. estimated 20% 30% child fluâ ... URL ",Tentative,0.664175
11/3/2020,offener brief â USER #wenn #hilfe #dann #fã¼r #alle #die #jetzt #nicht #arbeiten #dã¼rfen #corona #zusammenhalt #gesund #bleiben #wirtschaft #lockdown #veranstaltungsbranche #event #agentur #koslikandfriends âï¸ URL ,Sadness,0.670048
11/3/2020,just posted photo quarantine nola 2020 URL ,Tentative,0.91961
11/3/2020,"book slot now! celebrate end welsh lockdown...for now, treat you! lunacy boutique URL ",Joy,0.663116
11/3/2020,"short line. non-masker. fairly decent social distancing. huntsville, alabama URL ",Tentative,0.973786
11/3/2020,think james big hall windsor boy school? plenty room ð #socialdistancing #choir #stayingsafe #singing windsor boys' school URL ,Analytical,0.643758
11/3/2020,"good morning! start day ð¤© #quarantinelife #quarantine #newlife #brisbane brisbane, queensland, australia URL ",Joy,0.7457
11/3/2020,coronavirus case continue surge gallatin county URL ,Analytical,0.560098
11/3/2020,great day seeing magic #harrypotter #daughter loved ð #lockdown2020 #covid warner bros. studio tour london URL ,Joy,0.889458
11/3/2020,mass respect momma &amp; poppa taking lockdown letting garden room little ramshackle studio. built desk morning ð ingleby barwick URL ,Joy,0.713939
11/3/2020,biggest sale combining massive blow come save big friday nov 27 **store rule social distancing effect** mission sport kelowna URL ,Analytical,0.85365
11/3/2020,"salon xmas gift neo lockdown free postage! range olaplex, moroccanoil cloud styling tool sale too. neo hairdressing URL ",Joy,0.705501
11/3/2020,"!!sigalert!! crash blocking left lane connector 91 west. #corona i-15 nb hwy 91, stopped traffic cajalco rd #latraffic URL ",Anger,0.711624
11/3/2020,"traveling abroad, museums, theater swimming pool closed week #netherlands #emergencymeasures #corona netherlands URL ",Joy,0.525301
11/3/2020,update: good. luckily there's carpet apartment. got water vacuumed entered cleanup phase. just thankful work home; minute water instead hours. ,Joy,0.73826
11/3/2020,"long line vote st michael chapter today. violence, voter intimidation food stands. just people respectfully social distancing joking around. saint michaels, arizona URL ",Tentative,0.96674
11/3/2020,seen beauty ð»ð»ð» #gina #cat #catsofinstagram #workfromhome chorley URL ,Joy,0.611692
11/3/2020,"look mental health covid-19 focus nov. 19, 9-10 a.m., yip growth learning series event 'mental health young professionals' featuring angela englander way wellbeing psychotherapy. read blog &amp; sign up: URL #cbridge URL ",Joy,0.663085
11/3/2020,"covid covid, nearly week married, familymoon long ago! episode URL ",Tentative,0.822231
11/3/2020,"home gym best thing! mask required sharing weight definitely covid19 free! ðªð½ ðð½ââï¸ð´ð¼ââï¸ fort worth, texas URL ",Joy,0.845398
11/3/2020,"USER 183kg bench pb lift off.ð¥. probably final pb year lockdown. itâs 0.5kg improvement, that..ðªð»ðð» #fitat50 #putney #fuckyoucoronavius URL ",Tentative,0.84639
11/3/2020,"...before covid-19: greenwich, greater london, uk ð¬ð§ greenwich, london, england, uk URL ",Joy,0.676594
11/3/2020,"wearing pearl rbg work clothes. hoping blue wave honor dad died covid-19. ankeny, iowa URL ",Sadness,0.685779
11/3/2020,"decision desk wilburn!! corona beer included!! #ridinwithbiden #election2020 minneapolis, minnesota URL ",Analytical,0.653099
11/3/2020,"kr nroom â south korea inflation slows october, core cpi decline fastest pace 21 years: south korea's annual inflation slowed october core rate declined fastest pace 21 year coronavirusâ ... view article... URL ",Sadness,0.557899
11/3/2020,covid #ikebana. three five work. like red twig dogwood #ikebana #begonia stem edge similar color. min's kitchen URL ,Tentative,0.751891
11/3/2020,"special ...... just today good day ðð #lockdown2 #lockdown #dublin #ireland dublin, ireland URL ",Joy,0.847136
11/3/2020,#camdenpaleale #beer #paleale #drink #before #2nd #lockdown #london #uk king arm URL ,Joy,0.543913
11/3/2020,"""in world wear mask, it's privilege soul."" #positivevibes #motivationalquotes #covid19thesecond #corona #lockdown2 #reconfinement #marseille marseille, france URL ",Joy,0.677688
11/3/2020,"exciting closing week buyer 270 1st street, 2b! pandemic? #dreamteam #closingday #justsold #buyersagent #realestate #brooklynrealestateagent park slope URL ",Joy,0.561268
11/3/2020,"week, shoot, covid test... just want set days. #setlife #filmmaking #director los angeles, california URL ",Tentative,0.944845
11/3/2020,love make change hypnotherapy use lockdown productively 07875720623 URL #hypnotherapy #hypnosis #mentalhealth #wellness hypnotherapy ipswich URL ,Joy,0.50383
11/3/2020,sorry as nigga purchase way cuz know finna sitting till pandemic over. rt USER nigga buy zip half sudden money makin mitch lmaooo ,Sadness,0.847922
11/3/2020,"ay, yâall bored home pandemic line waiting vote check interview 2020 w/ artistrack. talk ep âall nothingâ meaning, more! link bioð§¡ð§¡ð§¡. URL ",Analytical,0.596122
11/3/2020,just posted video quarantine URL ,Tentative,0.968123
11/3/2020,"election day 2020 #joshhicks #joshhicksforcongress #covid_19 #markcharles2020 #marktheballot #election2020 #election lexington, kentucky URL ",Sadness,0.511179
11/3/2020,chance. affected think wouldn't risk week school child crucial year education badly disrupted. URL ,Analytical,0.931994
11/3/2020,fragrance free satin hand shea hand sanitizer red mountain (washington) URL ,Joy,0.691951
11/3/2020,added malikâs arm today. looking forward cracking piece lockdown.2 skunx tattoo URL ,Joy,0.602797
11/3/2020,asia desk â kashgar outbreak show learned covid-19 URL ,Analytical,0.724236
11/3/2020,just posted video corona barbershop plus URL ,Tentative,0.91961
11/3/2020,"voted! sticker, button cookie provided USER paul rudd (love hoping) voted! #wearamask westbury, new york URL ",Joy,0.834002
11/3/2020,melbourne lockdown self-portrait 1. #adobeâ #behanceâ #designâ #digitalartâ #dribbbleâ #editorialillustrationâ #figuretiveâ #illustration #illustratorâ #ipadartâ #gayartist #queerartist #filipinxartist #art #illustrations #digitalsketch #procreate #artoftheday #painting â¦ URL ,Joy,0.717653
11/3/2020,"pisces fish report july 12th 18th (cabo san lucas, bcs): best week fishing charter quarantine! caught blue marlin season 300 lb 175 lbs. plus striped marlinâ¦ URL ",Confident,0.761642
11/3/2020,"dj just voted! ðð¼ #gooutandvote #vote #vote2020 #itsourright #voteforchange #votehimout #itsdjlimitless corona, california URL ",Joy,0.585391
11/3/2020,nice easy mile pre-lockdown btng trail run...... thank god head torch ð¦ ð hamstreet wood national nature reserve URL ,Joy,0.860579
11/3/2020,grab session tomorrow close lockdown 2.0 come served.... rw sport massage therapy URL ,Joy,0.588758
11/3/2020,donât let covid away healthy body! workout ðð½ââï¸ home. believer fitness bootcamp URL ,Joy,0.88649
11/3/2020,"face face session lockdown USER team, thoroughly enjoyed week cricket fantastic group. looking forward return prepare bucs 2021 #greenandgold ðð URL ",Joy,0.852195
11/3/2020,"beautiful closing buyer 301 east 22nd street, 1fgh! second purchase nyc family year! ð¥³ #pandemic #dreamteam #closingday #justsold #realestate #realestateagent URL ",Joy,0.649021
11/3/2020,american. hope voted. did. did sticker again. #democracy #electionday #stayhomestaysafe shannon m. leddy interior design URL ,Tentative,0.936899
11/3/2020,"kr nroom â patriot express start covid-19 check new force korea cases: random covid-19 test began patriot express flight u.s. force korea reported 18 new positive tests, u.s. air force saidâ ... view article... URL ",Analytical,0.67525
11/3/2020,"loma linda university health hiring #murrieta, ca! click link bio apply: social worker msw #socialsciences ",Analytical,0.587989
11/3/2020,covid #ikebana early november garden. leggy mint nice stem freezes. crazy red leaf #forsythia beautiful fan #helabore. min's kitchen URL ,Joy,0.858416
11/3/2020,pint panic-buys: people enjoy meet-up lockdown URL ,Fear,0.521874
11/3/2020,training session lovely bunch lockdown begin december USER âð¼â½ï¸ #northwestfootball #lockdown #liverpool tiber football centre URL ,Joy,0.794956
