date,text,tone,score
10/2/2020,today's challenge class began nature poetry shakespeare! share later fantastic day! #myccday #homeschool #challengeiii #classicalconversations kymulga &amp; covered bridge URL ,Joy,0.869252
10/2/2020,"truth told. ny time report trump misinformation source covid19 38%( refer #fakenews). #confusion #tellthetruth mr.potus canyon creek west, austin, texas URL ",Analytical,0.551743
10/2/2020,look post pre covid time ð­ march 8th. post new live music ð­ð­. bloody mary brunch?? ð­ð­ð­ð­ make end!! draft &amp; vessel URL ,Joy,0.542609
10/2/2020,"new hair dis? â¨â¨â¨ shot long dark quarantine growout new vavavoom bright blonde video. color senior stylist. â¤ï¸â¨ð¤â¨ beverly hills, california URL ",Joy,0.676333
10/2/2020,"army kept apart 18 weeks, #covid added additional 2, forever #finallyhome schuster's farm URL ",Confident,0.751512
10/2/2020,"girl USER shit, got bored wanted play #tictactoe...... won corona, california URL ",Anger,0.549534
10/2/2020,workflow âï¸ð²ð¥ð±ðððand dinner ð¥¤ð¥¡ð½ #workfromhome #financialprofessional #supersinghsðð½ððºð¸ kew garden URL ,Joy,0.558077
10/2/2020,corona ca thu oct 1st pm forecast: tonight clear lo 65 friday sunny hi 107 ,Joy,0.509655
10/2/2020,free covid-19 testing site kino sport complex #traffic URL ,Analytical,0.724236
10/2/2020,#bni #bnimemorial #giversgain little humor john mccarty #mattress #howdyfromhouston #houstonrealestate #realtorlife #luxurylifestyle #covid19 #luxuryrealestate #thepropertyjoes mattress firm URL ,Confident,0.660207
10/2/2020,"just posted photo corona, california URL ",Joy,0.514146
10/2/2020,"daydream future like 30 year youâll telling people werenât alive yet, âoh yeah, covid... remember that.â manhattan beach pier URL ",Joy,0.652328
10/2/2020,stopped favorite spot USER quite same-miss hanging bar (covid making barstool divah challenged)âbut bad! umstead hotel spa URL ,Sadness,0.718078
10/2/2020,link official birthday october 4th! ticket 10 make reservation port corona del mar. URL port restaurant bar URL ,Analytical,0.643758
10/2/2020,"USER hope great birthday covid-19 time... big kiss west san jose, san jose URL ",Joy,0.806148
10/2/2020,just posted photo flushing meadow corona park URL ,Tentative,0.88939
10/2/2020,"supporting local. mask &amp; social distancing good effect here. (@ mcmenamins highland pub &amp; brewery USER gresham, or) URL ",Joy,0.561903
10/2/2020,"curriculum night covid style! #2020 edmonds, washington URL ",Joy,0.531805
10/2/2020,"missed recent episode USER arroyo live? joined beth kuchar USER speak #covid19 changed tech industry, leader industry adapt. catch below: URL ",Analytical,0.637364
10/2/2020,"nroom â men greater risk heart disease women?: covid-19 pandemic, heart health gender stake, cardiac disease noted prolonged moreâ ... view article... URL ",Joy,0.61607
10/2/2020,"wear mask. make sure wear right one!!!!ð¤ð½ð¤ð½ð¤ð½ð¤ð½#mobsquad#whosehouseramshouse#rams#hornsupð¤#covid_19 #savelives #protectotherswearmasks inglewood, california URL ",Confident,0.906441
10/2/2020,"45 contract it, transparent regardless condition. spent time bragging taking drug proven benefit. âjust bad coldâ like that. know truth. URL ",Sadness,0.593618
10/2/2020,covid-19 update overall piedmont area #traffic URL ,Tentative,0.681699
10/2/2020,"good read... URL new windsor, illinois URL ",Joy,0.679013
10/2/2020,"fighting stigma: survey seek input pandemic's effect mental health pws youth: ... ireland, u.s., canada, italy, countries, team trinity college hope information provided coronavirus health impactâ ... URL ",Analytical,0.554173
10/2/2020,"kr nroom â covid measure 'deficient' north korea: politburo: north korean leader kim jong official said ""some deficiencies"" country's battle fight global covid-19â ... view article... URL ",Analytical,0.752532
10/2/2020,thing bolton saturday lockdown restriction easedâ bolton news URL ,Joy,0.56915
10/2/2020,"USER best horror masks. got today. really fun! dr. decker nightbreed! #wearamask #wearafuckingmask #nightbreed #dontbeadick troy, new york URL ",Fear,0.568814
10/2/2020,thursday's lenoir county covid-19 result URL ,Analytical,0.842108
10/2/2020,#miseenplace #topoftheworld love nyc indoor #wearamask peak nyc URL ,Joy,0.693471
10/2/2020,mp margaret ferrier suspended covid trip scotland parliament infected independent URL URL ,Analytical,0.620279
10/2/2020,student oregon state university tested #covid_19 earlier week. come universityâs trace team indication virus waste water sackett hall gem apartments. URL ,Analytical,0.862953
10/2/2020,"evening mothing age social distancing collaboration st. lawrence university canton, ny. zoomed good ones! #mothing #stlawrenceu #socialsculpture auburn, alabama URL ",Joy,0.604153
10/2/2020,#nowwatching sleepy hollowâ (1999) #quarantinecinema #lockdown #safety #sanctuary #seclusion #solitude #expostfacto URL ,Analytical,0.620279
10/2/2020,"nroom â india's gig worker hit hardest coronavirus pandemic, find survey: indonesia, female gig worker fared men pandemic. india, woman likely lose income. countries,â ... view article... URL ",Tentative,0.827288
10/2/2020,use #trump ginny pig! ððð #hoax #covid19 isnât real? ððð½ðð½ maybe fat man exercised! #hope sick.. #hicks donât wear mask #coronavirus âkarma bitchâ! ððð china wuhan URL ,Anger,0.586926
10/2/2020,just posted photo flushing meadow corona park URL ,Tentative,0.88939
10/2/2020,jared kushner co-owns real estate company profit death &amp; destruction he's causing #coronavirus! URL ,Analytical,0.747663
10/2/2020,kr nroom â north korea say 'faults' anti-epidemic work amid controversy slain south korean: north korean leader kim jong convened meeting ruling worker's party's powerful politburo tuesday review anti-covid-19â ...â¦ URL ,Sadness,0.556017
10/2/2020,"social distancing day 186. (counting like tootsie roll owl) âonnne moon......â #twofullmoons #doublewerewolves #happyhalloween #quarantinelife noblesville, indiana URL ",Joy,0.543981
10/2/2020,surprise mail USER USER ððð¥° #orangecake #recipe #blessings #thankyou #lockdown #missyou #cafe #cafã© #tea #catchupsoon #bakingtime #teatime #love URL ,Joy,0.927873
10/2/2020,"fighting stigma: statement national public health emergency team thursday october: total 1,806* covid-19 related death ireland. (*validation data hpsc resulted denotification 2â ... URL ",Analytical,0.98445
10/2/2020,"man trade signal eat day, teach chart eat lifetime! #forextrader #forexlifestyle #workfromhome #learningathome tempe, arizona URL ",Joy,0.501288
10/2/2020,"travelled know best way #covid_19 test 48 hr prior departure? comment â¬ï¸â¬ï¸â¬ï¸ toronto, ontario URL ",Analytical,0.658877
10/2/2020,breaking: president trumpâs closest aide test positive coronavirus URL URL ,Confident,0.825035
10/2/2020,"book family night ð¿ð¥ #movienight #stayhome #coronado imperialbeach #movierental #coronadorental #imperialbeachrental #familynight #gamenight imperial beach, california URL ",Joy,0.685978
10/2/2020,fighting stigma â army see sharp increase suicide coronavirus pandemic: consistent effort try troop stigma seeking help army redesigned suicide prevention program withâ ... URL ,Sadness,0.827244
10/2/2020,fighting stigma: coronavirus: 442 new case death case confirmed county: public health official confirmed 442 case covid-19 ireland. total number death result covid-19 nowâ ... URL ,Analytical,0.986181
10/2/2020,#sanitize #mask #socialdistance key #fight #covid_19 #staysafe #happygandhijayanti rightly said #future depends today pic courtesy USER URL ,Joy,0.543145
10/2/2020,karma shit heâs said lied URL ,Anger,0.792769
10/2/2020,"listen, indoor dining big deal! celebrating indoor dining (except eating living room) march! thing granted... #indoordiningny #covid19 new world mall URL ",Joy,0.730553
10/2/2020,"âmiley jab hum tumâ actress navina bole test covid positive: tv actress navina bole tuesday announced social medium tested covid-19 positive. taking instagram, navina posted fewâ¦ URL #bollywood #covid19 #entertainment #health ",Joy,0.604722
10/2/2020,begins. iâm looking forward digitized version modules. ðð #week1 #homeschool #thenewnormal #thethingswedoforcovid central luzon state university URL ,Joy,0.616033
10/2/2020,"day 275. album cover covid album home more. #hindsight #hindsightproject #2020 20:20 vancouver, british columbia URL ",Joy,0.515276
10/2/2020,didnât survive pandemic. ð© #concord #queen #donuts #tbt #throwbackthursday #girldad #goodtimes downtown concord URL ,Joy,0.792711
10/2/2020,getting hope up.... URL ,Tentative,0.984352
10/2/2020,"trunp doesnât covid-19, thing pretext hail-mary âi big dealâ push vindicate response pandemic, just election? ",Tentative,0.58393
10/2/2020,"verified tinder!!! USER ð­ð­ð­ happy friday it!! #tindergirls #tindermemes #washyourhands #presidentialdebate boston, massachusetts URL ",Joy,0.885087
10/2/2020,nroom â arthritis ireland launch free online course support people covid-19: arthritis ireland launched series free online course autumn support people covid-19. living arthritisâ ... view article... URL ,Analytical,0.787073
10/2/2020,"proud mama moment... 3080, she'll ðð¤ ð® life covid got building pc smh... ð¤¦ð½ââï¸ she's cutest computer tho ð¥° california URL ",Joy,0.629084
10/2/2020,"covid suck puppy make people smile. #puppy #beautiful #cute #adorable #smile #love #happyfriday kennewick, washington URL ",Joy,0.964669
10/2/2020,love time covid. #photography #nofilter #makeportraits #shoot2ill #models #sharahjanewhite #thatlife #scape #singaporelife scape URL ,Joy,0.752041
10/2/2020,"help covid~wan kenobe, youâre hope... white house URL ",Tentative,0.822231
10/2/2020,"fighting stigma: people covid-19 died ireland, 442 new cases: people covid-19 ireland died, health protection surveillance centre confirmed. hpsc notified ofâ ... URL ",Sadness,0.759773
10/2/2020,face shield glass &amp; kiddy mask combo r119.99 incl vat follow link today! URL enjoy face shield anti-fog side vented form design increased air flow comfortable reusable (after alcohol disinfection) URL ,Joy,0.642725
10/2/2020,trump &amp; 1st lady test positive covid-19 #notjustcars washington d.c. URL ,Joy,0.714001
10/2/2020,corona-ween: alternative traditional trick-or-treating andy huizar URL ,Analytical,0.560098
10/2/2020,"#donaldtrump tweet #[immigrant] #melaniatrump #testpositiveforcovi19 #coronavirus #covid19 #pandemic #trumpvirus #covid45 #trumpdemic darwin, i'm ready believer!!!!! white house URL ",Joy,0.555844
10/2/2020,lockdown learning series centa webinar series covid-19 pandemic low-cost private school âï¸ððð masam URL ,Sadness,0.508329
10/2/2020,lockdown cartoon vol.28: finger fish naomi love school meals. reason eager school. weekâs cartoon. URL #children #cartoon URL ,Joy,0.516409
10/2/2020,"USER say bastard got close aide hope hicks. hate saying hope heâs sick long covid april/may. and, did right wearing masks, gloves, etc. nyc month awful. (1/4) ",Tentative,0.978371
10/2/2020,"USER test #positive #covid_19 #coronavirus #pandemic2020 marietta, georgia URL ",Joy,0.606756
10/2/2020,"fighting stigma â seasonal work face historic stigma challenge tasmania: industry, like others, facing significant headwind coronavirus pandemic, face historical stigma bias theâ ... URL ",Sadness,0.78855
10/2/2020,lmao twitter tonight URL ,Joy,0.712422
10/2/2020,"#donaldtrump got #covid_19 ð­ real fake? atlanta, georgia URL ",Confident,0.942754
10/2/2020,"breaking news: #trump tested covid positive! URL los angeles, california URL ",Confident,0.975399
10/2/2020,praying prompt recovery president trump lady melania trump tested positive coronavirus quarantine... #potus #flotus #whitehouse URL ,Confident,0.704642
10/2/2020,#wearamask chocolate spirit URL ,Joy,0.606571
10/2/2020,"shocking middle night tweet, president trump announced lady tested positive covid-19. URL ",Confident,0.971165
10/2/2020,"doe it, doesnât symptoms? heâll totally opportunity minimise severity pandemic. ",Confident,0.971165
10/2/2020,"ceo USER written response government's recent renewal coronavirus act. ""this government make sure people learning disability pay greater price pandemic."" read blog ð URL ",Joy,0.533057
10/2/2020,"foto: ""bild de tages"" vom 01.20.2020 muscian time corona daryl taylor (bassplayer, usa, living berlin) wonderful bassplayer #picoftheday #ttt #tulipstagram berlin, germany URL ",Joy,0.813764
10/2/2020,"#argentinaâs coronavirus death toll go 20,000 URL ",Sadness,0.621499
10/2/2020,got lost wild. thanks USER guest submission. #myfavoritemask #covid19 #recycle #itsstillgood #justthrowitawayð® barbarossaplatz kã¶ln URL ,Sadness,0.528937
10/2/2020,"really, really getting hope up. #hopeisspreading URL ",Analytical,0.989679
10/2/2020,â¢ thanks god o friday â¢ hope enjoy oceanâ sunset weekend... depends pandemic data... ð ð en asturies URL ,Joy,0.898798
10/2/2020,"guy look like know whatâs doing. happy-hallo-covid-ween 2020. wonder handing candy restriction have? alamogordo, new mexico URL ",Joy,0.600076
10/2/2020,"finger crossed lockdown ending weeks, just mask game improves... astana 'injection doctor' yorkshire dale's local... ð¤£ sweet water creek river trail URL ",Joy,0.508025
10/2/2020,interesting proposal using existing citizen assembly mechanism enhance national buy-in covid-19 strategy. URL ,Joy,0.588913
10/2/2020,ready halloween lockdown #shelfporn #horror #hoarder #physicalmedia #film #director #theatre #theatrekid #lockdown #day193 #monsterkid waikiki URL ,Fear,0.552481
10/2/2020,"fighting stigma: covid-19: 57 confirmed case linked single cork cafã©-restaurant: earlier, department health notified 442 new case ... total 1,806 coronavirus-related death irelandâ ... URL ",Analytical,0.832004
10/2/2020,"you're dealing pandemic depression, you're here's URL URL ",Sadness,0.673603
10/2/2020,"choice morning.. just gray.. ha! need USER USER yesterday.. URL #workingfromhome milton, georgia URL ",Joy,0.517432
10/2/2020,new forum topic: leeds united chat â¢ trump test positive covid URL ,Joy,0.601565
10/2/2020,"utc -7 zh â china's 'golden week' kick boost battered tourism industry: ms. li said did worry son catching coronavirus, situation china felt manageable. âin end, himâ ... viewâ¦ URL ",Tentative,0.55795
10/2/2020,"USER USER heâs projection, time heâs screaming covid hoax long allowed think, âmaybe hoax?â ",Tentative,0.5538
10/2/2020,it's hard believe president lady china virus (coronavirus) united state america URL ,Sadness,0.524534
10/2/2020,bbq fundraiser saturday local taproom closed covid URL ,Joy,0.579932
10/2/2020,"researcher potential treatment covid-19: new york, oct ââ examining pre-existing research conditions, researcher potential treatment applied covid-19. findings, published journalâ¦ URL #covid19 ",Analytical,0.916623
10/2/2020,"finally, positive year. ððð¤£ #covid19 #trump #2ï¸â£0ï¸â£2ï¸â£0ï¸â£ #positive #ironic newport beach, california URL ",Joy,0.843794
10/2/2020,"holy mother fuck.... would, too. ð¤¦ð¼ââï¸ URL ",Anger,0.647561
10/2/2020,âback left.â URL ,Sadness,0.570798
10/2/2020,"covid-19 vaccine rollout unlikely fall 2021: study: expert working field vaccine development tend believe effective vaccine likely available general public fall 2021. study,â¦ URL #covid19 ",Analytical,0.834441
10/2/2020,ireland highest rate home-working covid-19 crisis: eu survey find ireland second-highest level working home belgium URL URL ,Analytical,0.677069
10/2/2020,"global covid-19 case cross 34.2 mark: john hopkins: washington, oct â overall number global coronavirus crossed 34.2 million mark, death increased 1,021,700, according johnsâ¦ URL #covid19 #featured ",Analytical,0.519491
10/2/2020,breaking: president trump lady test positive covidâ¦the left attack URL URL ,Confident,0.80026
10/2/2020,"thought #2020 day: donald trump, covid-19, twitter word st. paul URL ",Tentative,0.884138
10/2/2020,âno know going goâ: pandemonium inside white house trump contract covid-19 vanity fair URL ,Analytical,0.532616
10/2/2020,"honored included article USER addressing pandemic impact art practices. link bio. thank jennie park. los angeles, california URL ",Joy,0.692796
10/2/2020,"president trump lady test positive covid-19! URL woodlands, texas URL ",Joy,0.713442
10/2/2020,fighting stigma: 'and that's irish people?' â expert surprised covid vaccine: result concerning: 33% say mental health suffered past months; 41 cent 18-34 year old worried aboutâ ... URL ,Sadness,0.619328
10/2/2020,"thank goodness! #staysafe #wearamaskð· #washyourfuckinghands corvallis, oregon URL ",Joy,0.598434
10/2/2020,"today friday octobre 02. 2020 already... like yesterday office closed total confinement ... march 17. 2020 #wearamask #dragonmaskproject #blmiamiwaterfront key biscayne, florida URL ",Analytical,0.61644
10/2/2020,"month weâve social distancing &amp; staying home, weâre finally doing ânormalâ. picnic museum art ground ð¥° (@ north carolina museum art USER raleigh, nc) URL URL ",Joy,0.648872
10/2/2020,USER let's forget trump reacted year ago hillary got fake pneumonia stuff. don't lecture anybody anybody act. URL ,Sadness,0.634889
10/2/2020,"tahoe! tgif loft shows, magic fusion all-ages 7pm, magic dark adult 18+ 9pm. social distancing contact-free tickets. ticket URL loft tahoe URL ",Joy,0.536344
10/2/2020,#liberlismisamentaldisorder #socialismisamentaldisorder #masks #markofthebeast #covid19 #coronavirus #lockdown2020 #quarantine #socialdistancing #normal cnn headquarters URL ,Analytical,0.589295
10/2/2020,wish better person offer sympathy USER USER testing positive covid-19. i'm not. #schadenfreude URL ,Joy,0.590404
10/2/2020,"there's scripture say man bosom burned"". play long eventually burned. covid played trump learning hard way. stay safe street ð· ",Sadness,0.56563
10/2/2020,"fighting stigma: christmas ireland: look like current coronavirus restrictions?: ireland's acting chief medical officer, dr ronan glynn, warned ... health expert said christmas ireland 2020? URL ",Tentative,0.631794
10/2/2020,illustration place covid 'era' phygital fashion URL ,Joy,0.508857
10/2/2020,quarantine birthday soon. #birthmonth taguig URL ,Joy,0.584635
10/2/2020,#gibraltarmarket take safety it's guest seriously. wear mask time shopping market #ldnont thank continued support supporting #local business #argyle #community #shopldnont URL ,Confident,0.808712
10/2/2020,"""alihan's mediterranean cuisine known locally great place stop way theater production cultural district..."" alihan's belief raising price account loss pandemic. read story below! URL ",Sadness,0.538816
10/2/2020,USER like encourge practice safety measure family loved one safe time #theonlywaytoroll #frassrollingpapers #covid_19 #merch #linkinmybio URL ,Joy,0.524847
10/2/2020,face time read news. miss able people masks. miss life corona ð¥ºð¢ð¯ #justme? ð½ #happyfriday ð¤¡ #isittimeforwineyet ð #boredwithcoronaselfie ð¤³ hollystown URL ,Sadness,0.821206
10/2/2020,"head like now: âif tested, covidâ ð, soon USER #trumphascovid ",Analytical,0.653099
10/2/2020,illustration place covid 'era' phygital fashion URL ,Joy,0.508857
10/2/2020,"october 10, saturday plant #crocuses bloom march 2021 memorialize new yorkers who've impacted #covid19 supply provided. #itsmypark #community #pelhamparkway pelham parkway bronx URL ",Joy,0.777218
10/2/2020,"fighting stigma: irish people refuse covid-19 vaccine, survey says: irish health expert warned expect month restriction slow spread covid-19. more:â ... URL ",Analytical,0.765814
10/2/2020,gym selfies arenât covid. #sideeye #wearamask #washyourhands #wipeyourphone mid city gym health &amp; fitness URL ,Joy,0.777949
10/2/2020,"sorry, iâm try making fun got covid-19, pic just funny ð #badcovid19 #stocksislowtodayð new york, new york URL ",Joy,0.693826
10/2/2020,share #covid_19 test centre experience help others! #w8time â¬ï¸â¬ï¸â¬ï¸ etobicoke URL ,Joy,0.515866
10/2/2020,"pandemic not, try time iâm eligible. trying live blood type. #bpositive wellston center URL ",Tentative,0.944845
10/2/2020,lockdown learning series day state level webinar gandhi view education âï¸ððð masam URL ,Analytical,0.641954
10/2/2020,"fighting stigma: coronavirus northern ireland: department health report covid-19 death 934 ...: death toll northern ireland stand 582. 24 hours, 934 individual tested positive virus. URL ",Confident,0.949397
10/2/2020,#rt together! #trump wife test positive covid URL ,Joy,0.786149
10/2/2020,feedback friday! great work team! #bestadvice #covid19 #tips #leadership #management #motivation #innovation #business #mentalhealth #workplacehealth #hr #healthandsafety #employeewellbeing #mentalwellbeing #wellbeing #workplacewellbeing #hr #healthtech #therapistsconnect URL ,Joy,0.892546
10/2/2020,"let trump's current demise serve reminder karma works. poke fun masks, social distancing, ppl trying follow science"" happens....you national project go come around. ",Joy,0.790779
10/2/2020,covid-19 update overall piedmont area #traffic URL ,Tentative,0.681699
10/2/2020,lockdown learning series national online workshop overview outcome-based education framework institution course outcome defined?âï¸ððð masam URL ,Analytical,0.823464
10/2/2020,"fighting stigma: hse bos warns vaccine, ireland 'dealing covid-19 long time yet': health chief paul reid warned ireland dealing covid-19 'for long time yet' wave expected.â¦ URL ",Analytical,0.747663
10/2/2020,#trumphascorana #karma #coronavairus #covid19 #wearyourmask #injectbleachtrump #itiswhatitis #coronaisahoax #covidisreal white house URL ,Joy,0.518793
10/2/2020,follow ig fb notified ticket live. covid 19 safety information posted week. stay safe. stay scared. week! #dementedfx #hauntedhouse #holyoke #massachusetts URL ,Fear,0.709135
10/2/2020,"new covid travel look. come complete hand sanitizer, wipes, titoâs &amp; pineapple boarding. #newnormal #covidtravel tampa international airport URL ",Joy,0.570834
10/2/2020,share #covid_19 test centre experience help others! #w8time â¬ï¸â¬ï¸â¬ï¸ st. josephâs health centre foundation URL ,Joy,0.625723
10/2/2020,"wearing red white blue today filled hope future. #karma #vote2020 #bidenharris2020 #covid_19 toronto, ontario URL ",Joy,0.592307
10/2/2020,"no, it's karma! that's happens don't wear mask social distance, fucking covidiots! ðð sioux falls, south dakota URL ",Anger,0.504369
10/2/2020,"buy local saturday, 8am-noon marion square charleston essential market! face mask &amp; social distancing, required. entrance meeting st. park w/ way directional traffic. URL ",Joy,0.738807
10/2/2020,"goldens dad working home morning. filter âslumberâ fitting photo. news hounds. brentwood, california URL ",Joy,0.583397
10/2/2020,"happy #worldsmileday ð #smbgc *pictures pre-covid santa monica, california URL ",Joy,0.714795
10/2/2020,covid-19 testing site overall piedmont area #traffic URL ,Tentative,0.615352
10/2/2020,"happy birthday USER damn covid keeping traveling sharing hotel beds! tampa, florida URL ",Joy,0.918933
10/2/2020,podcast: marketing covid-19 (part 2) URL USER ,Joy,0.530709
10/2/2020,strong recommendation torontoâs medical office health province ontario. hope USER et al. listening. URL ,Joy,0.58654
10/2/2020,"shit ant funny living right #whythehellnot. got covid -19 hattiesburg, mississippi URL ",Anger,0.551241
10/2/2020,fighting stigma coronavirus ireland: doctor covid advisor issue worrying three-word death update: coronavirus ireland: doctor covid advisor issue worrying ... let child/children trick treating halloween toâ¦ URL ,Fear,0.516375
10/2/2020,lockdown zoom ðð¤ super fun photo shoot USER ð¸ using hair create purpose global pandemic. ð #photoshoot #lockdown #lockdownhair #zoomcall #boring #hiding #googlyeyes URL ,Joy,0.708043
10/2/2020,12 case covid-19 confirmed USER hospital URL ,Analytical,0.961593
10/2/2020,"thought #2020 day: donald trump, covid-19, twitter word st. paul URL ",Tentative,0.884138
10/2/2020,unforgotten: social distancing inspired floor sticker installation young vic #sadeysagreenawaybailey #yvunforgotten #blacklivesmatter #unsungheroes USER #scenechange young vic theatre URL ,Joy,0.771234
10/2/2020,covid-19 tear mink population denmark: million culled... URL ,Sadness,0.504676
10/2/2020,"come sit me, watch sun stretch sky city wakes, slowly beautiful day. ð #justkidding work ð¤·ð¼ââï¸âï¸ #5amclub #workfromhome panama city beach, florida URL ",Joy,0.706107
10/2/2020,doe fuckinâ guy medical degree? URL ,Anger,0.719452
10/2/2020,working home space designed suit need best investment make. love wall hung design created jesse range. touch. design solution you. #homeoffice #furniture #design #dublin #ireland #lomi URL ,Joy,0.843413
10/2/2020,online fnm! magic fun friday night just be. #mtg #tabletop #magicthegathering #mtgcommander #oldtownleamington #covid #covidsafe game den URL ,Joy,0.8578
10/2/2020,praying ðâï¸ðºð¸ð¦ #covid_19 git right sport performance &amp; fitness URL ,Joy,0.771903
10/2/2020,people trump contact testing positive covid-19 business insider business insider: people trump contact testing positive covid-19 business insiderâ business insider URL URL ,Confident,0.825035
10/2/2020,USER URL draw line? ,Analytical,0.687768
10/2/2020,"good good. share #covid_19 test centre experience help others! #w8time â¬ï¸â¬ï¸â¬ï¸ toronto, ontario URL ",Joy,0.779876
10/2/2020,i'm sharpest knife block don't trust trumphy 1mm i'm wondering contraction #covid19 real. hell use tactic avoid losing. narcissistic pillock ,Anger,0.554638
10/2/2020,"rome... holy f*ck pandemic pizza, 23rd line pepp/bacon/onion... âare sherryl in. grey jetta?â said yes... just gonna make pie better URL ",Tentative,0.826255
10/2/2020,yellowstone report 16 employee tested positive covid-19 september URL ,Confident,0.942582
10/2/2020,"photo/ day 65: amazing dawn &amp; moonrise, october 2nd, 2020! #quarantine #ig_cork #daily_ireland #loves_ireland #kinsale #dawn #moonrise kinsale, ireland URL ",Joy,0.882344
10/2/2020,"american confused covid-19? blame trump, cornell study say nbc news URL URL ",Sadness,0.690485
10/2/2020,"â....come tickle mustache see. best, got test....â #covid_19 #songs #ditty #original #velvettom #velvet #pandemic #sunglasses #crooner #loverloserlegend URL ",Joy,0.546136
10/2/2020,it's #alohafriday night couldn't come fast enough! dj stevie booth 7pm 11pm tonight (new covid regulated hour effect) make sure time catch favourite party tune fâ¢râ¢iâ¢eâ¢nâ¢dâ¢s beach house ð»ð´ URL ,Joy,0.782095
10/2/2020,"guess doesn't covid, vote? fuck trump. let's drown #prayfortrump pic biden. #vote #voteblue2020 #2020 #nextpresident #covidfree united state america URL ",Tentative,0.902459
10/2/2020,"new portable hand sanitizer. #covidsucks far west side, san antonio URL ",Joy,0.592474
10/2/2020,birthday dinner covid time ð·ð¤ªð #weekend #eatlocal #supper #weekend #birthday reigate heath golf club URL ,Joy,0.784139
10/2/2020,#greenport #greenportny #longisland #longislandny #strongisland #newyorkstateofmind #dock #sailboat #boat #iloveny #staypositive #wearamask everyday itâs beautiful day stroll greenport greenport village URL ,Joy,0.786231
10/2/2020,"lagos, governmentâ pushed alternate seating arrangementâ bus taxi fast forward week lockdown, rule nonexistent. ",Analytical,0.646387
10/2/2020,hoax diversion. rt USER just posted reassure political world foreign adversary doing despite hospitalization covid USER URL ,Sadness,0.605926
10/2/2020,#boxing session lockdown 2.0 killed (or iâd like think ð) thanks USER great session USER #personaltraining #gym #training URL ,Joy,0.679561
10/2/2020,happy friday. week 2020. one's USER #stayhomestaysafe #rescuehouse boularderie island URL ,Joy,0.844968
10/2/2020,lab life. social distancing work pleasant. #hipsterswillbehipsters alexander fleming biomedical science research center URL ,Joy,0.620484
10/2/2020,USER itâs suspicious. itâs didnât wear mask getting covid mask donât. research needed. need panic. ,Fear,0.811383
10/2/2020,USER there's way voluntarily stop doing rally voluntarily come road. there's way he'd want attention coronavirus reason he's losing polls. ,Sadness,0.629665
10/2/2020,#greenport #greenportny #longisland #longislandny #strongisland #newyorkstateofmind #dock #sailboat #boat #iloveny #reflection #staypositive #wearamask everyday itâs beautiful day stroll greenport URL ,Joy,0.797924
10/2/2020,"love doesnât stop pandemic â¤ï¸intimate wedding rome, safety precaution ðª rome, italy URL ",Joy,0.811335
10/2/2020,"little walk hurt one. #wearamask #capecodinsta #capecod #chatham #northchatham north chatham, massachusetts URL ",Sadness,0.661075
10/2/2020,r.i.p. USER money world couldn't protect 400 nano meter virus... #coronavirus #sad walter reed army medical center URL ,Sadness,0.840818
10/2/2020,coronavirus: government arrogance kill: ... uk government messaging clear effective notoriously slow homophobia-mired response aid pandemic. URL ,Analytical,0.977094
10/2/2020,wonder time jim carrey got tested covid biden today ,Tentative,0.856622
10/2/2020,#streetart #itqly #kunst #artist #art #walls #covid_19 #corona #travel #sex italien toscana URL ,Joy,0.508807
10/2/2020,"watch ""trump announces melania tested positive coronavirus"" youtube URL ",Joy,0.768545
10/2/2020,"USER USER ... covid. itâs strange situation materialises. dortmundâs idea wonât sell itâs past august 10th, continue discussion? ",Sadness,0.516954
10/2/2020,office tonight! homecoming football game tailgate! trying send senior right! covid really thing different days! #djrellerell #rellerellproductions #thefitdj hudson high school (ohio) URL ,Joy,0.61727
10/2/2020,"share #covid_19 test centre experience help others! #w8time â¬ï¸â¬ï¸â¬ï¸ michael garron hospital, toronto east health network URL ",Joy,0.62004
10/2/2020,ð¤·ð¾ââï¸ october surprise itâs days. 2020 just keep rolling along. #covid_19 #wearamask #vote #besafe #2020shitshow #drfauci #stayhome gregory height URL ,Joy,0.565923
10/2/2020,"well, well, well, turntable #officialbrandoncollins #bethel #bethelchurch #bssm #covid19 #coronavirus #faithhealer #billjohnson #krisvallotton #toddwhite #falseteachers #falsegospel #reddingcalifornia URL ",Confident,0.660207
10/2/2020,"fighting stigma 'it's like took kid away': chronic covid transformed family: closest friend group mother belfast, ireland, son severe liver damage longer bed. URL ",Sadness,0.624252
10/2/2020,"people aäºlover world dey para anyhow!. 2020 year covid-19, yoruba nation protest nigeria's independence day. blacklivesmatter protest importantly, trump 1st lady catch coronavirus. URL ",Analytical,0.51064
10/2/2020,"ð look like place upped left #covid panic ð manhattan, new york city URL ",Fear,0.724822
10/2/2020,"just posted video corona, california URL ",Tentative,0.946222
10/2/2020,31 day halloween of! ð»ðð¤¡ð fuck covid! imma dress &amp; shake as halloween hoe! club nah!! ðð½link bio ðð½make rain bby! ð¸ð¸ð¸ day âangel babyâ unicorn island URL ,Joy,0.669563
10/2/2020,"comfy #workfromhome #outfitoftheday wide leg pant USER scarf USER comfort #style aren't mutually exclusive. #professional #presence #vancouver vancouver, british columbia URL ",Joy,0.660111
10/2/2020,"important meeting lunch today #workingfromhome #workcat #workfromhome #blackcatsofinstagram #blackcat #blackcatsforever #yegcat #officecat #metalcats #catofdoom edmonton, alberta URL ",Joy,0.681561
10/2/2020,time non-clandestine restaurant quarantine. got good feeling! en athens pizza URL ,Joy,0.533097
10/2/2020,"#news #covid19 #merrimacknh #merrimackhighschoolmerrimacknh new hampshire high school suspends games, practice positive covid case URL URL ",Joy,0.578802
10/2/2020,neglecting skin recently doesn't help wear face mask day #skincare #hydrate #beyou #nomakeup #nomakeupselfie #pale #dryskin #inatagood #instadaily #instagram #chill #pamperyourself #dayoff URL ,Joy,0.571884
10/2/2020,#halloween #halloweenppemask #ppehalloween priced r24.95ea want attend halloween party worried ppe mask boring wont add halloween atmosphere? mask help URL ,Sadness,0.706398
10/2/2020,iâve thinking todayâs news america. covid taught love gardening. apart thousand dying (which bad) life changing positive million it. ,Joy,0.505713
10/2/2020,love time corona URL ,Joy,0.809029
10/2/2020,shot convocation today #bettertogether #classof2021 #yay #wearamask moses brown school URL ,Joy,0.819338
10/2/2020,"working hard af suring ""pandemic"" ð¤ð½ð¾go run view latest video ð¥ð¥ð¥ link inmy bio #dreams1st #eslv eastern new orleans URL ",Joy,0.523214
10/2/2020,"natureâs palette ððð month ago, predicted nature sustain pandemic. continues case. #autumnsunset #clouds evanton URL ",Joy,0.506525
10/2/2020,"#supasfridaytakeover live larouge tonight!!! food, drink &amp; hookah 6pm 11pm. following restriction mask required w/ social distancing. USER USER USER URL ",Joy,0.574344
10/2/2020,love time corona URL ,Joy,0.809029
10/2/2020,boom! 1st batch mom dad. kimoâs covid kitchen ð¥ð¥ð¥ again! #luaustew villarimo estate URL ,Joy,0.549012
10/2/2020,"#fbf flashed teeth, quickly putting mask on! ð USER #safetyfirst #staysafe #ontheroof #n95 #friday #friends ð· USER spring studio URL ",Joy,0.620034
10/2/2020,"today's quarantine target run look(tm) brought USER beauty beast mask URL inspired snapback san diego, california URL ",Joy,0.772577
10/2/2020,lockdown simple steps. en h10 costa adeje palace URL ,Joy,0.577633
10/2/2020,"telework day 130: wanted high penelope, know, friday. did want me. #catsofinstagram #quarantine #telework columbia, maryland URL ",Analytical,0.668742
