date,text,tone,score
9/29/2020,"communication trust built transparency, technology like USER provides agile approach business build consumer trust navigate crisis beyond. #covid19 #openforbusiness #consumertrust URL ",Tentative,0.698156
9/29/2020,"covid-19 gain 19lbs.ð man hate cardio! #calabasasstairs #calabasastrails #calabasas #california #fatdaddy #fat #tennispro #cardio calabasas, california URL ",Anger,0.598173
9/29/2020,"proud ð¤µð¾ #family #awholenewward corona, california URL ",Joy,0.918892
9/29/2020,moment realise face resembles womenâs underwear/bikini advertisement â70âs... #wearamask #begoodtoeachother frankston hospital URL ,Sadness,0.605874
9/29/2020,social distancing effect! stars!!! USER #dallasstars #hockey #nhl #stanleycup american airline center URL ,Analytical,0.942817
9/29/2020,corona ca mon sep 28th pm forecast: tonight clear lo 65 tuesday sunny hi 102 ,Confident,0.727798
9/29/2020,"moana broadway happens- know, past pandemic- letâs make sure USER cast maui? #okaythanksbye #moana wheaton, maryland URL ",Confident,0.942754
9/29/2020,little USER work tonight! canât wait yâall stuff hv covid cygnus sound URL ,Sadness,0.58949
9/29/2020,"usual family break-fast tradition age covid. shakshuka USER happy break fast all! ð austin, texas URL ",Confident,0.869578
9/29/2020,*repost* great modeling shot USER USER #photoshoot #socialdistancing #covid #shutdown #westchester #hudsonvalleyny #gardens #outdoors crabtree's kittle house restaurant &amp; inn URL ,Joy,0.821701
9/29/2020,closed circuit feed studio theatre performing art hall. way production covid season. better nothing. ð· URL ,Analytical,0.750021
9/29/2020,let's stop spread covid 19. georgia URL ,Analytical,0.523981
9/29/2020,"kr nroom â south korea's success containing coronavirus highlight importance digital resilience: secret south korea's success reside digital capabilities. world, covid-19 pandemic acceleratingâ¦ URL ",Joy,0.75025
9/29/2020,"decepticons!!! #galvatron #shockwave &amp; #cyclonus #soundwave &amp; #lockdown #angrybirdstransformers #angrybirds #transformers #decepticons #iosgames toronto, ontario URL ",Joy,0.538719
9/29/2020,"fighting stigma: statement national public health emergency team monday 28 september: total 1,802 covid-19 related death ireland. midnight sunday 27 september, hpsc notified 390 confirmedâ ... URL ",Analytical,0.761262
9/29/2020,"stop horseshoe bend. bad antelope closed covid. hiking pic, iâll stop annoying ya ð horseshoe bend URL ",Anger,0.706803
9/29/2020,"crash blocking right lane #corona 91 (sr-91 riverside fwy) eb hwy 71, stopped traffic green river rd #latraffic URL ",Anger,0.651822
9/29/2020,"fighting stigma: coronavirus: 390 new case reported ireland: dr ronan glynn, acting chief medical officer, said: ""i asking everyone, particularly living working cork, galway, monaghan andâ ... URL ",Analytical,0.521342
9/29/2020,just reminder wearing masks! #iloveheritagesquare #heritagesquaremuseum #victorianhomes #museumcats #wearebettertogether USER #cattreats #wearamask heritage square museum URL ,Joy,0.638974
9/29/2020,crash blocking right lane #corona 91 (sr-91 riverside fwy) eb green river rd #latraffic URL ,Analytical,0.532616
9/29/2020,day covid vacation. need eat bevin's chef? fish today. lot bait eaten. fort gibson lake URL ,Tentative,0.789226
9/29/2020,great san diego vacation ðºðºðºâµâµâµ #sandiego #catamaran #catamaranresort #catamaranresorthotel #catamaranresortsandiego #catamaranresortandspa #beachday #beach #pool #covid19 #coronavirus #summer2020 URL ,Joy,0.820756
9/29/2020,#breakfast #yomkippur #5781 #amisraelchai #corona #quarantine #zoomkolnidre #2020 outer sunset URL ,Joy,0.765198
9/29/2020,"ready quarantine country album lol jkjkjk ð¹ð¹ {ð¸: USER kensington, california URL ",Joy,0.665918
9/29/2020,ânever forgetâ thank morgan cornebert let #slowjam beat posted USER continuous/uncut version ânever forgetâ youtube (link profile). #neverforget #quarantine #newmusic URL ,Analytical,0.576423
9/29/2020,"fighting stigma: 390 covid-19 cases, death reported department health: number people died northern ireland result virus remains 578. total number case start theâ ... URL ",Sadness,0.639584
9/29/2020,"haunted haven open 7-11 friday saturday. mask required! limited capacity social distancing also, covid. online ticket available URL haunted haven URL ",Analytical,0.573521
9/29/2020,"fun time beauties! #weddingday #orangecounty #coronadelmar #bride #2020 corona del mar, newport beach, california URL ",Joy,0.919234
9/29/2020,"fighting stigma: covid-19 case today ireland 390 new infection death reported: dr ronan glynn, acting chief medical officer, department health, said: âi asking everyone, particularly living working cork,â ... URL ",Sadness,0.582169
9/29/2020,mike enjoyed short lovely hike yesterday afternoon cold air rain settled in. #dailywalk #flattenthecurve #itsbetteroutside mcclintock &amp; enchanted mesa trailhead URL ,Joy,0.745916
9/29/2020,"fighting stigma: covid-19: 390 case reported taoiseach warns week critical: dr ronan glynn, state's acting chief medical officer outlined new figures. photograph: tom honan/the irish times. said 70 case inâ ... URL ",Sadness,0.541199
9/29/2020,daytime USER womenâs college hospital get really busy #covid_19 #w8time women's college hospital URL ,Sadness,0.619983
9/29/2020,"fighting stigma: europe's covid-19 case rise, voice cry hoax: northern ireland's health minister, robin swann, called song âdangerousâ interview bbc radio ulster. âi don't know get hisâ ... URL ",Sadness,0.620642
9/29/2020,USER near cutoff time wait time guaranteed spot #covid_19 #w8time women's college hospital URL ,Sadness,0.546629
9/29/2020,"sure tune tonight USER USER 10pm cst talk black restaurant week, black restaurant surviving pandemic, more!!! USER tune inð½ð¥ðº URL ",Confident,0.560944
9/29/2020,waltz covid sweet gesture stranger #oktoberfest #trustybrewingco #friends #waltzing #polkalovers #dirndl #lederhosen #zdirndldiva trusty brewing company URL ,Joy,0.836866
9/29/2020,beautiful breezy spring day ð·âï¸ #springblooms #floweringbeauty #australia #melbourne #flattenthecurve #lockdown #outandbout #winterflowers #outandabout #melbournelockdown #covid19lockdown #brightflowers URL ,Joy,0.778944
9/29/2020,"day frankie's broken leg. month hit car! day lockdown him. pin come today hopefully, freedom outside tomorrow ð» #catsofinstagram #pets #frankie URL ",Sadness,0.520266
9/29/2020,awe mother earth today day. #homeschooling #unschooling #natureloving #grateful #werkingwhilewild #bosswashere spielwerk toy URL ,Joy,0.84702
9/29/2020,callback face.... #actorslife #actor #callback #selftape #audition #work #positive #bright #booking #weinthehouse #fresh #blue #bluesteel #smize #hotchocolate #staysafe #stayhealthy #stayhome #wegotthis #melanin URL ,Joy,0.775959
9/29/2020,"noisy office mate, sure doe make cozy space work in. #workingfromhome #fureverywhere #borkmate #pawfficemate launceston, tasmania URL ",Joy,0.568357
9/29/2020,"dr javed ali mbbs,m.d moradabad u.p succumbed covid-19 27the september 2020 admiitted icu ventilator past 16 days... kindly pray easy journey almighty. amen URL ",Joy,0.567136
9/29/2020,start new tasting season cote dâor. 8.00am appointment jacques carillon domaine jacques #carillon #puligny #montrachet! #covid ready! puligny-montrachet URL ,Joy,0.657693
9/29/2020,report community USER provided result 73 hour turnaround #covid_19 #w8time sunnybrook health science centre URL ,Joy,0.619126
9/29/2020,"fighting stigma: update 1-irish weekly covid-19 jobless claim rise time may: government week imposed tightened restriction second ireland's 26 counties, northwestern region donegal. chief medicalâ ... URL ",Analytical,0.834441
9/29/2020,"time year covid pumpkins, disney trips, camping, mickey pumpkins. iâm ready fast forward fall party halloween real fun. URL ",Joy,0.838025
9/29/2020,"congestion: r300 northbound n1 inbound ramp, expect delays. #alwaysbuckleup #stayhomestaysafe URL ",Analytical,0.829888
9/29/2020,"online work learn social medium #enterpreneur #workfromhome #oppertunity #teamfire64 hoshiarpur, india URL ",Analytical,0.620279
9/29/2020,rapid covid testing available. msg me. share me. dr dave. URL dr. david ore URL ,Joy,0.66583
9/29/2020,"homeless problem acre disused little âhousesâ animal quarantine station. water place, drainage, concrete slabs. better tent nimitz highway. URL ",Analytical,0.596122
9/29/2020,"""no cared mask"" #bane #batman #quotes #selfie #covid_19 #pandemic #mask #bikergarments bologna, italy URL ",Joy,0.640703
9/29/2020,"hiv nroom â aasara pension help poor withstand lockdown telangana: ... differently abled person past extended weavers, toddy tapper beedi worker apart single women, hiv filarial patients. view article... URL ",Sadness,0.531368
9/29/2020,just posted photo corona del mar URL ,Tentative,0.91961
9/29/2020,"team bonding zoom yesterday. quarantine canât team hanging together, safely. upper iowa university URL ",Analytical,0.720783
9/29/2020,"228282: crash, n2 inbound liesbeek, left lane closed, expect delays.â #alwaysbuckleup #stayhomestaysafe URL ",Sadness,0.625749
9/29/2020,"covid-19 death toll top million worldwide pandemic spike us,... URL ",Sadness,0.52719
9/29/2020,ð #monday #selfie #red #instagram #pic #instapuq #puq en melbourne lockdown URL ,Joy,0.635899
9/29/2020,"fighting stigma: coronavirus ireland: 390 new case death health chief consider moving ...: dr ronan glynn, acting chief medical officer, department health, appealed people cork, galway roscommon stick publicâ¦ URL ",Analytical,0.727113
9/29/2020,crash blocking fastrak lanes. #corona 91 (sr-91 riverside fwy) eb green river rd #latraffic URL ,Analytical,0.720783
9/29/2020,"fighting stigma: executive office meet university following positive covid case queen's: statement, queen's said working closely public health ... primary school northern ireland close completely toâ¦ URL ",Confident,0.794456
9/29/2020,cheers! covid keeping apart awesome time sitting room itâs waiting you! sew anastasia URL ,Joy,0.724238
9/29/2020,"#covid recovery drug squad 4-2-3-1 donât ask ball #barcasoccer stockton, california URL ",Sadness,0.698141
9/29/2020,"magical evening. place living covid feel extremely lucky iâm here. outside nature possibly truly doe help. oak bay, british columbia URL ",Joy,0.786282
9/29/2020,"fighting stigma surge child needing foster care coronavirus pandemic: information, visit URL enjoy reading irish news? subscribe access. subscribeâ ... URL ",Analytical,0.596122
9/29/2020,covid-19 testing site overall piedmont area #traffic URL ,Tentative,0.615352
9/29/2020,228278: stationary vehicle n2 inbound hospital bend. left lane closed. delaysâ #stayhomesavelivesâ #stayhomestaysafe URL ,Sadness,0.55521
9/29/2020,"kid... blessing. happy kitchen. corona, california URL ",Joy,0.940586
9/29/2020,"fighting stigma: coronavirus ireland: fear mental health student return college: coronavirus ireland: fear mental health student return college. aoife o'brien. tuesday september 29 2020, 12.01am bst, times. URL ",Fear,0.895421
9/29/2020,green ranger today! ðªð¨âðð³ #powerranger #green #ppe #fightcovid19 #covid19diaries ð¸ lovie mabinay science high school URL ,Joy,0.630007
9/29/2020,hello. feeling wild ð¦ mask today. #masquerade #masklife #maskup #wearamask #nyc #pandemic masks?!!!! abc7ny URL ,Joy,0.566703
9/29/2020,impact #coronavirus dementia carers #bbc newsnight URL ,Analytical,0.560098
9/29/2020,fighting stigma: healthcare worker battled covid-19 urge public virus seriously: national public health emergency team (nphet) said additional 390 case covid-19 confirmed ireland monday. includesâ ... URL ,Analytical,0.922225
9/29/2020,itâs monday. leftover sweet potato. classy dessert plate. cat sexy. #covid_19 #vote #wearamask nickel city loft URL ,Joy,0.809928
9/29/2020,beautiful hike! lot variety kept fun engaging. #dailywalk #itsbetteroutside #flattenthecurve doudy draw URL ,Joy,0.898907
9/29/2020,"coronavirus daily update: 28 sep 2020, isle man 340 confirmed cases. #coronavirus #iom #coronaupdate URL ",Analytical,0.920556
9/29/2020,glad mask compulsory about. messing lack clarity. letâs beat thing. #wearamaskð· coffee#1 URL ,Joy,0.777656
9/29/2020,"coronavirus: death 390 new case confirmed ireland, 209 dublin: figure released department health briefing evening. URL URL ",Analytical,0.97289
9/29/2020,URL kelly osbourne's new dog helped 'positive side' pandemic URL URL ,Joy,0.684213
9/29/2020,"i'm wondering fingerprint disappearing using hand #sanitizer!! ðð (@ gruppo monte dei paschi di siena padova, veneto) URL URL ",Tentative,0.525007
9/29/2020,"fighting stigma teenager aged 12 17 twice likely catch coronavirus child ...: 277,000 child caught coronavirus may, new center disease control prevention data shows; older childrenâ ... URL ",Tentative,0.698904
9/29/2020,covid19 stolen excitement youth robbed elderly enjoyment also. let castigate young student partied let look help vulnerable. leinster house URL ,Sadness,0.524052
9/29/2020,new local lockdown rule household mixing ban reintroduced north east england URL URL ,Analytical,0.874319
9/29/2020,"hello ladies, read single &amp; married segment? check now. USER really gave handful insightful detail topic. especially pandemic saga. URL ",Joy,0.60325
9/29/2020,"fighting stigma: ireland dealing covid-19 long time, vaccine developed reid: minister health stephen donnelly appear committee tomorrow morning. warning counties. acting chief medicalâ ... URL ",Fear,0.565608
9/29/2020,outdoor dining pod built USER heard covid-19. dine stars. #outsidedining #scottishcountryside #finedining meldrum house country hotel &amp; golf course URL ,Joy,0.628708
9/29/2020,"#covid-19 update bhutan ð§ð¹ wear mask maintain social distance use druk trace stay safe ð thimphu, bhutan URL ",Analytical,0.527318
9/29/2020,"fighting stigma: increase covid-19 case offaly figure ireland continues soar: dr ronan glynn, acting chief medical officer, department health, said, âi asking everyone, particularly living working cork,â ... URL ",Sadness,0.545718
9/29/2020,"happy say staying open safety, enjoyment wellbeing customer remains heart #cardifftogether #cardiff #food #bar #cardifflockdown #covid19 URL ",Joy,0.871186
9/29/2020,interactive map show location surrey school confirmed coronavirus case september URL URL ,Analytical,0.900799
9/29/2020,pandemic did beautiful. â¤ï¸ negro occidental URL ,Joy,0.750383
9/29/2020,"absolutely love wonder woman harry potter reversible mask â¤ï¸ thanks bonnie ð #wearamask #protectyourself #protectothers #wonderwoman #harrypotter edinburgh, united kingdom URL ",Joy,0.826096
9/29/2020,lockdown learning series centa webinar building positive teacher student relationship online environmentâï¸ððð masam URL ,Joy,0.685306
9/29/2020,"happy say staying open safety, enjoyment wellbeing customer remains heart #cardifftogether #cardiff #food #bar #cardifflockdown #covid19 URL ",Joy,0.871186
9/29/2020,"congestion: n2 outbound victoria, expect delays. #alwaysbuckleup #stayhomestaysafe URL ",Analytical,0.883404
9/29/2020,coping mechanism new way thinking. âcanâ versus âcanâtâ; especially useful dealing change 2020 link bio. #mentalhealth #covid-19 #change #anxiety #copingmechanisms #selfhelp URL ,Fear,0.51489
9/29/2020,thought friend north east england morning URL ,Analytical,0.801827
9/29/2020,lockdown learning series national webinar human right education alpha generation âï¸ððð masam URL ,Sadness,0.507599
9/29/2020,"#behindthemask today sufyan, young covid ambassador, sadly lost aunty #coronavirus thought lose parent too. virus right here, right now. protect yourself, family community #handsfacespace URL ",Sadness,0.905551
9/29/2020,"just posted video corona, california URL ",Tentative,0.946222
9/29/2020,"did interview USER new single, life lockdown excited tour again. psa. hold on, weâre gonna ð¹ london, united kingdom URL ",Joy,0.84171
9/29/2020,"johor bahru bit quiet lately pandemic,we sincerely hope affected bounce stronger! stay safe, #kitajagakita #nuori #nuorimalaysia #pandemic #lokalah #streetwear johor bahru URL ",Tentative,0.874805
9/29/2020,USER point transition pandemic interesting. oldie transitioned retirement early january ore-covid 50 day smoke canberra area. painless it's likely change easy ../2 ,Tentative,0.884138
9/29/2020,ða pleasure rthk radio 3âs money talk day.ð ð»first time studio lockdown 2.0.ð» face mask round! URL URL ,Joy,0.719905
9/29/2020,covid screen manufactured installed today USER #cncsignage #cncrouter #covid_19 #screen #sneezeguard #clearacrylic USER signworks sign print embroidery URL ,Sadness,0.628109
9/29/2020,"nroom â donegal town hit surge covid-19 case 'wakes, communion leaving cert parties': irish gp revealed saw surge coronavirus patient week infection ""wakes, communionsâ¦ URL ",Sadness,0.533696
9/29/2020,228286: #crash n1 inbound giel basson. right lane obstructed. expect delay #alwaysbuckleupâ #stayhomestaysafe URL ,Analytical,0.747663
9/29/2020,ððð need bow &amp; little touch blush pink. ð¥° real wedding decor lockdown USER miss tying bow. #weddingdecorni #realweddings #weddingday #weddingsni URL ,Sadness,0.520658
9/29/2020,lockdown open normal following covid safe procedure #appointmentsavailable #weareopen #lockdown #covidsafe bello capelli 01792-648928 URL ,Analytical,0.802757
9/29/2020,"trying #independantretailers, especially #pandemic. #shoplocal #supportyourhighstreet #shop #shopsmallbusiness #makingadifference blue kangaroo design URL ",Tentative,0.84639
9/29/2020,228296: crash: n7 northbound plattekloof road. lane closure. expect delays.â #alwaysbuckleup #stayhomestaysafe URL ,Analytical,0.931994
9/29/2020,#covid19 stop jumping plane ... best thing jump bar doe plane food! #covid19 #coronavirus #planefood #nzhellhole #akl auckland great idea USER âï¸ð¨ââï¸ð©ââï¸ð©ï¸ URL ,Joy,0.762467
9/29/2020,"watching sunset beach fear pandemic, free mind worry bliss different level. #sunset #arambolbeach arambol, goa, india URL ",Joy,0.656874
9/29/2020,"utc -7 aunz â hall creek community leader recall day coronavirus entered remote indigenous community: ... hall creek western australia ""like bomb went off"", according ... m garstone, head yura yungi aboriginalâ¦ URL ",Analytical,0.643965
9/29/2020,"fighting stigma â 'there's element stigma attached' â dr glynn sympathises covid sufferers: 'i right day close contact. there's blame, there's stigma. home. URL ",Sadness,0.500847
9/29/2020,"congestion: n7 southbound n1 inbound ramp, expect delays. #alwaysbuckleup #stayhomestaysafe URL ",Analytical,0.829888
9/29/2020,"fighting stigma: rising coronavirus case soon increase death ireland who: ireland, acting chief medical officer dr ronan glynn said ... spokesperson margaret harris said ireland's health worker âlearned aâ ... URL ",Sadness,0.571478
9/29/2020,"matt suit... #pun #lol #dadjoke #hazmat #hazmatsuit #funny #lolz #punny #suit #suits #fashion #chuck #juliaroberts #julia #cute #silly #matt #guysnamedmatt #covid19 los angeles, california URL ",Joy,0.743785
9/29/2020,way ticket ever. flight pandemic. lju âï¸ cdg âï¸ ham #flying #relocation #moving #newjob ljubljana airport URL ,Confident,0.838624
9/29/2020,social distancing cool lol ð·ðð #socialdistanceexpert monkey ground coffee URL ,Joy,0.807084
9/29/2020,beautiful wall covering truly USER #abuja #bbnaija #lockdown #interior #decor #smart #fct #walldecor #wallcoverings #wallpapers #epoxy #epoxyart #vinyl lafia URL ,Joy,0.644671
9/29/2020,mucusy joy covid test result 24 hr pre-wisdom teeth removal. #gettested #itdoesnthurt #wearamask yale new haven hospital saint raphael campus URL ,Joy,0.816148
9/29/2020,#australia deploys troop stem spread #coronavirus cargo ship URL ,Analytical,0.804906
9/29/2020,"#czechrepublic record 1,287 new coronavirus case URL ",Joy,0.502479
9/29/2020,"cis global forum (2020) covid crisis: lesson learned, next? URL ",Analytical,0.970663
9/29/2020,"fighting stigma coronavirus ireland: large meath school 1000 student confirms covid-19 case: child st peter's college dunboyne tested positive coronavirus, emerged. school currently approximately 1,150 studentsâ¦ URL ",Analytical,0.627525
9/29/2020,"love boys! hour late national sonâs day donât care. mother proud! ððð corona, california URL ",Joy,0.853613
9/29/2020,"fighting stigma: prepare month covid-19 restraints, warn health officials: asked national public health emergency team (nphet) briefing ireland doomed repeated cycle involving lifting ofâ ... URL ",Fear,0.524479
9/29/2020,"fighting stigma: ireland prime minister: 'public health personnel convinced testing airports': ireland's prime minister micheã¡l martin said coronavirus ""i think going continue time"" belief ""we look theâ¦ URL ",Analytical,0.546148
9/29/2020,"#covid19 #schools #learning corona virus taken joy teaching. online teaching replaced classroom teaching. documentation based pedagogy new norm. pune, maharashtra URL ",Joy,0.643701
9/29/2020,"90 day 2021.. life taken upside trend year 2020 pandemic.. lucknow, uttar pradesh URL ",Joy,0.597219
9/29/2020,"fine dining not, head chef dish, covid super bowl, cook contributes. #cooking #culinary #fryguy #frydog california URL ",Joy,0.637705
9/29/2020,#dreams #linkedinprofile #linkedin #socialmedia #socialnetworking #socialdistancing #searightinvestinggiving #toã±ysearightinvestmenteducationforyouth #tonysearight tony searight investment education youth URL ,Analytical,0.762356
9/29/2020,social distancing cool lol ðð·ð¤ #socialdistanceexpert monkey ground coffee URL ,Joy,0.807084
9/29/2020,"fighting stigma: covid-19: seventy case cork traced pub restaurant recent weeks: total number confirmed case ireland stand 35,377. figure released department health briefing evening. URL ",Analytical,0.942817
9/29/2020,"bitcoin miner maker ebang narrow half loss $7 million, covid-19 hit demand URL URL ",Sadness,0.591638
9/29/2020,"hiv nroom â gate making $200 billion vaccines? microsoft co-founder explains math 'returns': instance, committed $3 billion hiv grant organization globally $1.6 billion global fund fightâ¦ URL ",Confident,0.752665
9/29/2020,covid-19 update overall piedmont area #traffic URL ,Tentative,0.681699
9/29/2020,"sensational morning #morningmotivation #latepost #stayhome croydon, victoria, australia URL ",Joy,0.75901
9/29/2020,"again, getting better yesterday! football conditioning start tomorrow, think heâs gonna ready! letâs go! #babybeast #af5memories #oldmanstillgotit corona, california URL ",Joy,0.740901
9/29/2020,"johor bahru bit quiet lately pandemic,we sincerely hope affected bounce stronger! stay safe, #kitajagakita #nuori #nuorimalaysia #pandemic #lokalah #streetwear johor bahru URL ",Tentative,0.874805
9/29/2020,"remembering afternoon today, giving away bottle USER wicklow street store care covid air USER attempted bottlecap challenge ð siopaella ltd. URL ",Sadness,0.552189
9/29/2020,lockdown learning series national webinar promoting reflective thinking teacher âï¸ððð masam URL ,Analytical,0.920855
9/29/2020,lockdown learning series national online webinar emotional hijacking psycho social impact nuance journey life society âï¸ððð masam URL ,Joy,0.617345
9/29/2020,"fighting stigma: covid-19 ireland: dr ronan glynn issue warning county level lockdown looms: acting chief medical officer said increase new infection cork, galway, monaghan roscommon. nowâ ... URL ",Analytical,0.709421
9/29/2020,"fighting stigma â aftab shivdasani: stigma attached covid positive: aftab shivdasani: stigma attached covid positive. aftab shivdasani, announced tested positive covid-19, talk aboutâ ... URL ",Joy,0.509961
9/29/2020,coffee bullshit ð quarantine nola 2020 URL ,Anger,0.786145
9/29/2020,"nature greeting month quarantine ð #whennatureattacks #billcollectorsbelike #mykidsaskingmeforstuff san antonio, texas URL ",Joy,0.65866
9/29/2020,#face #mask #facemasks #covid_19 #shields #visor #guard #clear #reusablemask newcastle tyne URL ,Confident,0.80026
9/29/2020,art class going digital platform. love #eagles working homeð #eaglepride #art #smalltownbigart prince edward county public school URL ,Joy,0.697233
9/29/2020,university answer safety criticism coronavirus crisis meeting URL URL ,Analytical,0.955445
9/29/2020,sneak peak.this look like art covid isn't virtual. we're #mothernature setting #sculptureintheglen2 USER #burchfamily #katiatiles URL ,Tentative,0.770435
9/29/2020,"fighting stigma: coronavirus northern ireland: department health record 320 positive cases: total number positive case northern ireland date 11,269. beginning pandemic, department noted 345,481â¦ URL ",Confident,0.978299
9/29/2020,"fighting stigma: young irish man contracted coronavirus spent month coma: dublin, ireland irish healthcare worker told experience contracting covid-19 ... ""even now, life health changed. URL ",Sadness,0.650619
9/29/2020,excerpt meeting proprietor teacher weekend... #haf #pstreliefdrive #charity #love #covid19 #coronavirus adeiso URL ,Joy,0.877164
9/29/2020,"bitch like âi donât wear mask co âmurcia wear cpap sleep mask night mask day. tell again, whatâs youâre problem? #wearadamnmaskalready #bybeingawhineybitchyoulimitmyfreedom URL ",Anger,0.534438
9/29/2020,"read this, smile, think people know wear mask share them. just ridiculous are. #covid_19 #mask #safedistancing #washyourhands toronto, ontario URL ",Joy,0.653919
9/29/2020,#fakechristians #trumper #covid fail USER USER #resignationletter too! âï¸ð¤¦ââï¸âð¾USER USER washington d.c. URL ,Sadness,0.694444
9/29/2020,USER #covid_19 #w8time sinai health URL ,Joy,0.607893
9/29/2020,"9.28.2020 30 new positive covid-19 test result hunt county, new death. greenville, texas URL ",Joy,0.601542
9/29/2020,watching tv ðºð called #battlestargalactica2004 mini series dvd #dietdrpepper #drinkwater #stayhome #staysafe tide 17th URL ,Sadness,0.544342
9/29/2020,"loved? enjoy taco tuesday, add extra salsa life wash hand montgomery, texas URL ",Joy,0.848936
9/29/2020,"â¢ bringing travel photo âcoz hey not, pandemic caught guard right stare photo thinking free again. â¢ #itsmorefuninthephilippines philippine URL ",Joy,0.634067
9/29/2020,"missed this. going cycling race USER USER stage. corona far distance well, better all. ðð#binckbanktour blankenberge URL ",Sadness,0.528707
9/29/2020,#yoga class held people fit covid-19 pandemic daily pioneer URL ,Joy,0.602314
9/29/2020,stop caramel shirt bread hot chocolate USER way home long way work. #fausto #roker #cycling fausto coffee URL ,Joy,0.597009
9/29/2020,protect heart unani medicine... #world #heart #day #heartday #love #care #unanimedicine #ayush #care #mumbai #police #hospital #woldheartday #2020 #corona heart care contact 9967660883 URL ,Joy,0.614323
9/29/2020,sure practice social distancing USER saltwater marketplace pcb URL ,Confident,0.874372
9/29/2020,fall weather perfect outdoor class ð¥°. enjoys fall weather? â£ #fall #cooler #texas #homeschool #toyswithivan #outdoors #classinsession #kids #funlearning #reading texas URL ,Joy,0.692424
9/29/2020,"good news is, it, don't covid. USER breaking: government release detail new procedure followed covid test... URL ",Joy,0.560753
9/29/2020,read alternative #covid_19 #w8time north york URL ,Analytical,0.560098
9/29/2020,"category pre quarantine bod ð¥ playa del carmen, quintana roo URL ",Analytical,0.653099
9/29/2020,positive lockdown getting know beautiful lady couple month ð¥° bow USER ð #beautifullady #stayingpositive #greatstyle #ewaiwalla #cardiff #wales cardiff URL ,Joy,0.797264
9/29/2020,"stunning USER living best ballet life month lockdown! donât scared, help feel good confident! magic happens lens. â¨ URL ",Joy,0.670364
9/29/2020,USER st josephâs 7am #covid_19 #w8time st. josephâs health centre foundation URL ,Analytical,0.747663
9/29/2020,practice covid awesome!! muscle memory baby. thanks USER fully kitted space. guy cool option musician practice. roswell rehearsal URL ,Joy,0.957228
9/29/2020,"thing like faith humanity! #covid #2020 #life #wealth #health #humanitarian brooklyn, new york URL ",Joy,0.873666
9/29/2020,"weavables animal loom #kidscrafts #homeschool #homeschooling #weaving #montessori #love #sheep #animal springfield township, buck county, pennsylvania URL ",Joy,0.655547
9/29/2020,post lockdown hair lovely USER ð«ð¤© #lorealprofessionnel #dialight #acidicsealer #lorealbonderinside #smartbond #balayage #highlights #nq #independentsalon #sexyhairproducts USER URL ,Joy,0.776249
9/29/2020,buffalo check rocky mountain reusable face masks. ready adventure (even just trip grocery store!). #newarrivals #staysafe #socialdistancing #madeintheusa #facemask URL ,Joy,0.555297
9/29/2020,"finally getting work home blessing. continue work job too! i'm looking job... #building #career #dreams #goals #patience palm springs, california URL ",Joy,0.849643
9/29/2020,rip #covid_19 #trumpsvirus united state URL ,Sadness,0.732102
9/29/2020,#repost USER â¢ â¢ â¢ â¢ â¢ â¢ global number coronavirus death pass million. #coronavirus #covid19 #health #safety #2020 jumeirah etihad tower URL ,Sadness,0.546507
9/29/2020,"moment looking start covid little guy resilient, positive (most time) light life love aiden #nationalsonday URL ",Joy,0.871636
9/29/2020,"good tuesday morning itâs rainy day. #tuesdaycomfort #wearamask &amp; #underwearð URL #sale #freeshipping #jonkeounderwear #reinvented #madeinusa new york, new york URL ",Joy,0.600978
9/29/2020,"lizzielouthelibrarian celebrates banned book week #bannedbooksweek #ireadbannedbooks #wearamask #librarianperks #librariansofinstagram charleston, south carolina URL ",Analytical,0.560098
9/29/2020,we're doing thing differently moment ongoing impact covid-19 university campus. exactly service operating given time service availability page URL URL ,Confident,0.932568
9/29/2020,happy tuesday âï¸ #goodmorning #fortlauderdale #morning #coffee #southflorida #florida #september #fall #beach #sun #quarantine #wakeup #love #amazing #beautiful #laborday #lauderdale #covid19 #photooftheday #coronavirus #tuesday #traveltuesday #laudy URL ,Joy,0.976371
9/29/2020,"forty, flirty thirsty âªâ¨â¡â¨â¡âª quarantine birthday URL ",Joy,0.551996
9/29/2020,lockdown workout routine perfect outfit USER #teamfabletics ð hand prettiest set legging â£24 (affiliate link bio) ð¤© URL ,Joy,0.807757
9/29/2020,lockdown learning series webinar fever child worry &amp; relax âï¸ððð masam URL ,Fear,0.536728
9/29/2020,"was/is #lockdown? just example #creativerounds #quiz #thehareonthehill #bs2, #bristol night. better? URL ",Analytical,0.942817
9/29/2020,"pandemic learned grow vegetable stones. kathmandu, nepal URL ",Joy,0.575642
9/29/2020,time seen taal volcano post eruption january midst quarantine. breath-takingâ¤ï¸#tagaytayweekend jaytees classic home best bulalo &amp; kare-kare URL ,Joy,0.67109
9/29/2020,"approaching lockdown? it's weird old world living moment. thing sure, home filmed matterport virtual tour, ensure forever neat tidy showcased it's best virtual viewings! #firsttmaster URL ",Joy,0.560186
9/29/2020,"look deep nature,then understand betterðï¸ pc USER USER #instagood #tamilinsta #wfh #itdoodzð #defencelove #dailyinsta blue sky URL ",Joy,0.783522
9/29/2020,corona life fun. #couplegoals #goalife #travellife #fun #beachlife #family baga beach URL ,Joy,0.923885
9/29/2020,"thank star pandemic ð¤¨ð¥´ #covid_19 #miami #pandemiclife #onlyinmiami miami, florida URL ",Joy,0.580168
9/29/2020,fighting stigma: covid-19: fifth cork case linked pub restaurants: restaurant association ireland accused acting chief medical officer 'tarnishing' industry 'sweeping statement'. URL ,Analytical,0.937071
9/29/2020,"tri-hard tuesday. canât love wearing mask, iâm pretty sure make ninja. #wearamask #ninjaskills #fitness #chestandtriceps #whatsapectoral? #pushit planet fitness URL ",Joy,0.869114
9/29/2020,check remote team members! #remote #team #recruiting #staffing #workfromhome #infographic crawford thomas recruiting URL ,Analytical,0.747663
9/29/2020,USER sadly way life years. pandemic barely changed anything. ,Sadness,0.876238
9/29/2020,big thank USER USER sending mask safe #covid19 #staysafe apex park URL ,Analytical,0.620279
9/29/2020,terribly difficult lonely death: lament million... URL ,Sadness,0.91025
9/29/2020,"stepped red zone today #sanitize #socialdistancing #wearamask regularly. stay safe people covid-19 sandton, gauteng URL ",Analytical,0.720783
9/29/2020,"#halloweenboudoir session coming! book asap! let fun, social distancing. link bio consultation. #beempowered #abyrdseyephoto abyrdseyephoto photography URL ",Joy,0.843502
9/29/2020,sad notice like taped door establishment new york city. #pandemic #lockdown midtown east URL ,Sadness,0.761117
9/29/2020,in-school onsite workshopsâ¦ â¦using sphero robot science technology engineering math coding iag programmable driveable robots. delivering workshop covid secure way here: URL URL ,Analytical,0.576423
9/29/2020,pre pandemic day american museum natural history. USER american museum natural history URL ,Joy,0.54523
9/29/2020,lockdown really lockdown. delta state URL ,Analytical,0.98445
9/29/2020,petro poroshenko say tested positive covid19 URL USER #ukraine URL ,Joy,0.585777
9/29/2020,"la amã©ricas â argentina economic crisis worsening covid-19: people argentina say barely surviving blame pandemic, debt failing healthcare system. view article... URL ",Sadness,0.583779
9/29/2020,"todayâs 29-09-2020, corona report kuwait ð°ð¼ mahboula, state kuwait URL ",Confident,0.543112
9/29/2020,"URL aim covid-19 crisis fund receives â£300,000 injection new donation #aimmusic USER #aim USER #aimindependentmusicawards URL URL ",Analytical,0.705784
9/29/2020,#homeschool #homeschooling washington d.c. URL ,Analytical,0.51064
9/29/2020,today's homeschool brought bend nature tour dip netting class. #ourrvhour #whitefamilyadventures #homeschool #roadschooling #dipnetting #aroundthebend #naturetours #science ken thompson park URL ,Joy,0.69744
9/29/2020,"warns europe rising covid-19 cases: world health organizationâs (who) european chief, han kluge, warned september 17 recent surge coronavirus case europe serve ""a wake-up us.â URL ",Analytical,0.66951
9/29/2020,wonder nigerian didn't doubt ebola outbreak having hard time believing covid-19 pandemic real. URL ,Sadness,0.603719
9/29/2020,"pandemic tried tell fucker screw video games, ferrets, exercise. #thelizardman #currentmood #omegalizard austin, texas URL ",Tentative,0.808202
9/29/2020,covid pastoring look like. need technical support! ð¤£ calvary united methodist church gamber URL ,Tentative,0.827288
9/29/2020,we'd like know church experience months. share 5-10 minute participating survey? URL ,Tentative,0.865388
9/29/2020,"piece garden puzzle today....lawn laid. look fab. bit inside double d office 'work life' segregated 'home life', nearly ð sharow URL ",Joy,0.683938
9/29/2020,"data includes 36 new positive coronavirus (covid-19) cases, bringing districtâs overall positive case total 15,300 additional covid-19 related deaths. [pr] coronavirus data september 28, 2020 URL ",Analytical,0.627525
9/29/2020,mask... thanks USER creative take new normal everyday wear.. #imwearingjspugat ð¥°ð¥°ð¥°ð¥°... gave koi gift doctor.. sharing creation.. URL ,Joy,0.58248
9/29/2020,"sentiment exactly!!! ð· agree love halloween! i'm sorry s***'s canceled year. #halloween #wearamask #covid_19 wendell, north carolina URL ",Joy,0.855247
9/29/2020,quarantine workout day 54 ðð¼ðªð¼ðï¸ð¦ #poundforpoundfitness #poundforpoundsouthwoods #healthiswealth #fitnessislifestyle #crossfit #crosstraining #tabataworkout #backworkout #coreworkout #fightcoronavirus URL ,Joy,0.642423
9/29/2020,need couple day away home work done? hire covid ready office space just â£15 day #hotdesking #covid19ready #calne #carltonbusinesscentre carlton business centre URL ,Tentative,0.865388
9/29/2020,drinking corona extra USER universalâs endless summer resort â URL ,Sadness,0.528424
9/29/2020,fen event: business reimagined: sustainability insight covid-19 (part two) URL ,Analytical,0.896021
9/29/2020,discovered gold. #covid_19 #coronavirus #target #midtownmiami #cloroxwipes midtown miami URL ,Analytical,0.970663
9/29/2020,"ca nroom â datahaven survey reveals racial disparity covid-19 experience: âthis survey illustrates covid-19 public health economic crisis exacerbated [racial, geographic income] disparities,â ... view article... URL ",Analytical,0.588596
9/29/2020,better way covid blue delicious frozen treat? pita pit canada URL ,Joy,0.699613
9/29/2020,"point, donât fucking know... pandemic election people loosing minds. idk, idk, idk. pennsylvania URL ",Anger,0.716689
9/29/2020,#nofilter needed beautiful model like freddie. he's wearing mask sale! it's listed #etsy ready it's new home. #goldengirls #fandom #wearamask #staygolden north carolina URL ,Joy,0.806015
9/29/2020,join day communicable art show. 1-5pm 9/29 &amp; 9/30 eighty artist explore covid 19 round discs. william h. miller studio &amp; fine art URL ,Joy,0.833664
9/29/2020,"ð¾ âââ ââºâ¸â½ half million shark 'could killed coronavirus vaccine', expert warn URL ",Tentative,0.5538
9/29/2020,just inspected USER make sure covid safe. inspector pleased doing possible safe. glad checking everyone. URL ,Analytical,0.908592
9/29/2020,"nroom â adolescent twice likely young child test positive covid-19: hispanic latino child age group nearly 42 percent positive cases, black child represented 17 percent positiveâ ... viewâ¦ URL ",Joy,0.596971
9/29/2020,"USER perform blend southern soul, americana, rhythm &amp; blue USER friday, oct. 2, 7:30 pm. social distancing effect. #lakesidemusicseries #musicvenue #livemusic #flowermoundtx URL ",Analytical,0.802429
9/29/2020,"nroom â argentina economic crisis worsening covid-19: people argentina say barely surviving blame pandemic, debt failing healthcare system. view article... URL ",Sadness,0.57284
9/29/2020,corona ca tue sep 29th forecast: today sunny hi 102 tonight clear lo 65 ,Confident,0.751512
9/29/2020,change lockdown #grenspace #nature little bit paradise work brighton hove URL ,Joy,0.530807
9/29/2020,covid-19 testing site overall piedmont area #traffic URL ,Tentative,0.615352
9/29/2020,"girl child felt getting covid (negative) test yesterday. minnetonka, minnesota URL ",Tentative,0.884138
9/29/2020,love playground. ð¸: kingjay #covid_19 #covid #2020 #mask #facemask #fivesixmafia #playground #slide #kidatheart #colors #brightcolors #lightroom #lightroomedits URL ,Joy,0.613598
9/29/2020,"#rivermaiden #caycesc #art #sculpture #covid_19 #wearamask #southcarolina #iamsmiling cayce, south carolina URL ",Joy,0.500003
9/29/2020,"winning quarantine 7:30 morning. yes plate upside iâm sure rest day soon follow suit... iâll it! #eggsandsausage miracle mile north, los angeles URL ",Joy,0.544121
9/29/2020,join tonight hear testimony totally healed coronavirus...it scary god!!!! #healed #victorious #newlife #resurrected #reborn #musicidlife #newme URL ,Fear,0.722265
9/29/2020,"oakwood age pandemic! historian, bruce miller, leading USER class american military cemetery nc state's osher lifelong learning USER USER historic oakwood cemetery raleigh URL ",Analytical,0.867679
9/29/2020,"line #covid_19 assessment centres? need insights!!! share commenting â¬ï¸â¬ï¸â¬ï¸ toronto, ontario URL ",Analytical,0.944587
9/29/2020,"coworker got funk, iâm quarantine! decided paddy safe visit! #ripbrother #freshlook resurrection cemetery mausoleum URL ",Analytical,0.965157
9/29/2020,photo #littlebrownjug. #harnessracing USER #horsephotography #equinephotography #sportsphotography #coronavirus #covid19 #farmerdavid USER URL ,Analytical,0.802429
9/29/2020,"biased, best covid birthday fall colors, outdoor art, zoom dance party &amp; good company ðð»ðð storm king art center URL ",Joy,0.889029
9/29/2020,"ca desk â racial disparity coronavirus cases, death narrowing michigan: non-hispanic non-latino resident matched cumulative average -- 45 new case day million people -- weeks. view article... URL ",Confident,0.507373
9/29/2020,stop pandemic!! vibe #walayooostudio!! music make happy!! happy too?? follow me!!! brand new sound bring new vibes!! soon!! goodvibesonly URL ,Joy,0.659736
9/29/2020,"ca nroom â racial disparity coronavirus cases, death narrowing michigan: non-hispanic non-latino resident matched cumulative average -- 45 new case day million people -- weeks. view article... URL ",Confident,0.507373
9/29/2020,cure corona discovered nigerian dr ð .. music: cruise USER #nigeriandj link USER bio ð¥ð¥ð¥ð¤ð½ cruise URL ,Analytical,0.8152
9/29/2020,"#nationalcoffeeday mean honestly, isnât everyday national #coffee day?! ð #facemask #coffeeaddict #socialdistancing #starbucks #dunkindonuts orlando, florida URL ",Joy,0.59084
9/29/2020,"#latin #music, #wine, #tapas &amp; #dj #thursday 8pm #socialdistancing #nocover eclipse di luna #dunwoody place &amp; seen! URL #atl #birthday #international #salsa #free #party #limethursdays #fall #atlanta URL ",Joy,0.834332
9/29/2020,#meetmeatthemirror 9:15pm 2night area USER #intadvhiphop #hiphopgraphy âthey dont love like love youâ pull tho ðð¾ register URL mask ð· URL ,Sadness,0.521074
9/29/2020,funny as quote ð URL ,Joy,0.856193
9/29/2020,"ketchup mustard â¤ï¸ð upside working home able start morning coffee! twinning USER cozy cloud cotton robe #myparachutehome #ad brooklyn, new york URL ",Joy,0.634176
9/29/2020,USER tno youth centre. 45 bramlea boulevard low wait time 11:50 #covid_19 #w8time overlea blvd. URL ,Sadness,0.558145
9/29/2020,"happy anniversary USER trying putting who, ask better partner crime/lockdown! lambeg, lisburn, united kingdom URL ",Joy,0.792408
9/29/2020,"ca desk â datahaven survey reveals racial disparity covid-19 experience: âthis survey illustrates covid-19 public health economic crisis exacerbated [racial, geographic income] disparities,â ... view article... URL ",Analytical,0.588596
9/29/2020,coronavirus: confirmed case #basingstoke college technology URL ,Analytical,0.961593
9/29/2020,228309: #crash: n2 outbound liesbeeck. left lane closed. expect delays.â #stayhomesavelives #stayhomestaysafe URL ,Sadness,0.601363
9/29/2020,thank USER shoutout USER entire USER team priceless contribution digital speaks issue. #takepridedaily #collaboration #partnerships #digitalspeaksedition #publishing #tech URL ,Joy,0.669437
9/29/2020,bend nature tour doe amazing homeschool classes! today went dip netting! #cicisworld #aroundthebend #naturetours #dipnetting #homeschool #science #gulfbeachhomeschoolers ken thompson park URL ,Joy,0.848425
9/29/2020,"week 28 #wfh. (@ temporary home office utica, ny) URL URL ",Tentative,0.978371
9/29/2020,"la amã©ricas â adolescent twice likely young child test positive covid-19: hispanic latino child age group nearly 42 percent positive cases, black child represented 17 percent positiveâ ... viewâ¦ URL ",Joy,0.590356
9/29/2020,news new covid-19 case (sep 29) URL ,Analytical,0.560098
9/29/2020,"228306: #crash: n7 northbound potsdam, lane closure. expect delays.â #alwaysbuckleup. #stayhomestaysafe URL ",Analytical,0.942817
9/29/2020,"just posted photo corona, california URL ",Joy,0.514146
9/29/2020,"dat curl thoâ¦ trying habit cycling possible despite rain quarantine hair get quite frizzy (yes long hair back) brussels, belgium URL ",Tentative,0.804675
9/29/2020,"corona test #digitalartwork #digitaldrawing #digitalpainting #digitalillustration #digitalart #covid_19 #vegabond popeyes coffee &amp; fast food, uttara URL ",Joy,0.500583
9/29/2020,homekit-compatible solution working home URL ,Analytical,0.882284
9/29/2020,"fighting stigma â stigmatizing diseaseâfrom covid-19 hivâcreates vicious cycle sickness: new story science journalist vaishnavi chandrashekhar discus history disease stigmaâfrom leprosy, plague, hiv/aidsâandâ ... URL ",Fear,0.52209
9/29/2020,"throwback used turn hard ð«ð«ð«ð¯ð¯ð¯ððð#explorepage #quarantine #viral brooklyn, new york URL ",Sadness,0.500009
9/29/2020,favorite social distancing sign far. #upperwestside #covid_19 #socialdistancing #physicaldistancing #dancing #penguins #penguinsofinstagram #dancingpenguins metropolitan montessori school URL ,Joy,0.739442
9/29/2020,"b4 pandemic #vfbellasalon, iâm happy place bella -vf- salon, nail day spa URL ",Joy,0.887766
9/29/2020,posted USER #covid_19 #w8time sunnybrook health science centre URL ,Joy,0.626554
9/29/2020,sweet tooth ð¦· ð¨. thanks USER guest submission. #myfavoritemask #covid19 #recycle #itsstillgood #justthrowitawayð® saint-maximin-la-sainte-baume URL ,Joy,0.708119
9/29/2020,unexpected effect lockdown: lost tolerance spicy food. just piri piri fries; dumped (usually fine) nandoâs x-hot sauce ð¤¯ð¥ð¥ð¤¯ ,Sadness,0.578332
9/29/2020,"USER attention, hour average #covid_19 test wait time trillium health partner URL ",Analytical,0.672469
9/29/2020,"ððð shout USER covid-19 situation got down? grab ice cold corona smile face. hey check mask. ð ã»ã»ã» new corona mask legit! rio rancho, new mexico URL ",Joy,0.739488
9/29/2020,staying safe today times. #uber #lyft #apexmobile #bluehens #udel #covid university delaware URL ,Analytical,0.77494
9/29/2020,class night complete ð¥µðª #hiitstep #zoomgymclass #loveitâ¤ï¸ #stayhomestaysafe fit URL ,Joy,0.70083
9/29/2020,asia desk â hall creek community leader recall day coronavirus entered remote indigenous community URL ,Analytical,0.781949
9/29/2020,"â covid-19 update: mask longer required inside city hall beginning thursday, oct. 1, following expiration robertson county's mask mandate. URL ",Analytical,0.596122
9/29/2020,"finally got matsuri earlier reservation went kaput lockdown 2. just sushi cuz donât takeout well. good stuff, again. #å¯¿å¸ #é®¨ #å± å± #ãã¯ã¤ #japanesefood ´æ: izakaya matsuri URL ",Joy,0.784813
9/29/2020,pain management doctor ain't mean drug dealer quarantine nola 2020 URL ,Sadness,0.583807
9/29/2020,mixing afternoon walk #adventuredog today pleasant jaunt como lake. ps: wear mask ðð¤ð como lake (minnesota) URL ,Joy,0.54237
9/29/2020,"#macrophotography #wildflower shot reminds #covid_19 virus let hope friendly âï¸ð #rodingvalleynaturereserve chigwell, united kingdom URL ",Tentative,0.58393
9/29/2020,"hey USER youâve let 200,000 citizen die watch, need that. hand worst president ever. URL ",Sadness,0.712735
9/29/2020,cdc director straight calling trump's covid adviser liar! #trumpwillkillusall! URL #trumpdeathcult #trumpismurder #trumpvirus #trumpandemic #failingtrump #trumphatesamerica #covid #covid19 #coronavirus #pandemic #trumpliespeopledie ,Anger,0.565511
9/29/2020,dinner new ð¤ð¸ð´ ð USER USER #morebirthdaycelebrations #london #steaknight #saturdaynightvibes #curfewlife #covid_19 #dinneristhrnewoutout #steakandcolondon steak URL ,Joy,0.669217
9/29/2020,"make day summer! #bike #workout #ironman #triathlon #training #fitness #davesgym #20minutefitness #corona #covid19 leicester, united kingdom URL ",Joy,0.896548
9/29/2020,grim milestone million covid-19 deaths. compare spanish flu? 500 million infected global population. 17-50 million died. similar rate covid-19 far terrifying. #covid19 #coronavirus #onemillion URL URL ,Fear,0.675149
9/29/2020,just posted photo social distancing URL ,Joy,0.534144
9/29/2020,"side2side #pinoy #academia #happy #bored #citylife #positivevibes #poutylips #asian #boysofinstagram #gaysofinstagram #gayeurope #covid_19 #korkor #koreanovela #koreanskincare #picoftheday amsterdam, netherlands URL ",Joy,0.668947
9/29/2020,"#security #covid_19 #services #indianfood #weddings #bury #greater manchester #yoursaftey #safe #anyoccasion #aturservices england, great britain. URL ",Joy,0.624257
9/29/2020,i've working like crazy woman home studio ð¶ tonight it's #pizza night &amp; i'm vegetarian stunning la pizza bernardoð merci beaucoup ðð compreignac URL ,Joy,0.641505
9/29/2020,#carpool #phoenix -&gt; #tucson need seat tucson please! pay $$ wear mask. flexible open leaving anytime friday URL ,Tentative,0.928648
9/29/2020,"garfield playing? ð good exercise!?!! ð¹ð» #garfieldstevens #gingercat #teamginger #playful #thankful #grateful #blessed #love #pandemic #quaranteam norwalk, california URL ",Joy,0.964592
9/29/2020,"hi all, i'm american visited kenya just pandemic. loved trip talking kenyan got thinking lot issues. particular i've thinking kenya preserve unique/special aspect culture moderniâ¦ ",Joy,0.516538
9/29/2020,#lunch game upâed. cook #pandemic. #leftovers fav. want come share? #colorful #yum #veggies #chicken #squash maple village URL ,Joy,0.843436
9/29/2020,ð£hey rykert nrh residents... it's raffle time rykert!!!ð covid-19 closed unit hasn't closed heart giving! ðð¨âð©âð§âð¦ rykert community house URL ,Joy,0.621297
9/29/2020,"niggatendo shirt backâ¼ï¸ð check URL merchandise ive created! thank ordered merch pandemicâ¼ï¸ð¥ºð lancaster, pennsylvania URL ",Analytical,0.765814
9/29/2020,dinner new ð¤ð¸ð´ðð« USER USER #morebirthdaycelebrations #london #steaknight #saturdaynightvibes #curfewlife #covid_19 #dinneristhrnewoutout #steakandcolondon steak URL ,Joy,0.669217
9/29/2020,"living adventure life, exploring godâs beautiful creation girlies! USER #livingtheway #family #faith #adventure #homeschool #roadschool tobermory, ontario URL ",Joy,0.891901
9/29/2020,little bit evening sewing certain special covid ready #honk ð lowdham URL ,Joy,0.517813
9/29/2020,check new free online class fight covid-19 certain foods. 877-806-3687 #covid-19 #political #campaign #election2020 #covid19 washington d.c. URL ,Confident,0.937689
9/29/2020,"masked meteorologist 'strikes again'....the new normal. #covid19 USER USER milton, delaware URL ",Analytical,0.77494
9/29/2020,"loving pandemic haircut keith gave me. it's got villainess vibe peggy gravel connie marvel. #gohometoyourmother #minkstole #johnwaters #communistdaycarecenter #greyhair dallas, texas URL ",Joy,0.75395
9/29/2020,covid birthday...big dj bringing tune shout USER getting gaff sing happy birthday! rolling stock URL ,Joy,0.889001
9/29/2020,"zoom room look like dealer fails coaching... worth $250,000.00 today. big loss. #powersportacademy corona, california URL ",Sadness,0.79984
9/29/2020,lockdown learning series day national level workshop typesetting document latex âï¸ððð masam URL ,Analytical,0.538448
9/29/2020,day ninety social distancing: summer slowly leaving #greece #nature #olives #tree #landscape #greek #latergram #throwback #travel #travelgram greece URL ,Joy,0.599956
9/29/2020,"shield maiden got perfect tee me. like squatch, sighting rare beginning doubt existence. #socialdistancechampion #belikesasquatch #socialdistancing south URL ",Joy,0.653884
9/29/2020,"work home vibe ðªð¼ necklace (3) available online store. link bio #queencilla #fyp #foryoupage #paparazziaccessories #boss #bling #shoponline #blingqueen #linkinbioð orlando, florida URL ",Analytical,0.802429
9/29/2020,"october yet, itâs time plan christmas... amidst covid... thankful webinar help look complexity year celebration entail. st luke's lutheran church URL ",Joy,0.81746
9/29/2020,"latin #music, #wine, #tapas &amp; #dj #thursday 8pm #socialdistancing #nocover eclipse di luna #dunwoody place &amp; seen! URL #atl #birthday #international #salsa #free #party #limethursdays #fall #atlanta URL ",Joy,0.834332
9/29/2020,"rt: #latin #music, #wine, #tapas &amp; #dj #thursday 8pm #socialdistancing #nocover eclipse di luna #dunwoody place &amp; seen! URL #atl #birthday #international #salsa #free #party #limethursdays #fall #atlanta URL ",Joy,0.846199
9/29/2020,just posted photo quarantine nola 2020 URL ,Tentative,0.91961
9/29/2020,wear mask. vote. cheer #mntwins order. twins! standish URL ,Joy,0.515733
9/29/2020,thug good way quarantine nola 2020 URL ,Joy,0.5544
9/29/2020,snuck cheeky little oxford trip inevitable lockdown #oxford #travel #architecture bridge sigh (oxford) URL ,Confident,0.751512
9/29/2020,"views... happy tuesday! #seminarylife #organizers #workingfromhome #crockpotmeals saint paul, minnesota URL ",Joy,0.760655
9/29/2020,"USER good afternoon, sir, didn't season just make wire covid broke out? question is, season blu-ray amazon usually isn't business releasing show way... thanks! ",Joy,0.584731
9/29/2020,"just posted photo corona, california URL ",Joy,0.514146
9/29/2020,fuck covid! amazing tatts!! ðð» #madonnaportraittattoo #holymadonna #madonna ðð» brazil URL ,Joy,0.732212
9/29/2020,post rain #cloudy #rooftop #workout day uninspired #socks apologies. #whosyourcrabby #wearamask prospect height URL ,Analytical,0.747663
9/29/2020,"say, ""cheese!"" thanks bel brand usa giving baby bel cheese share healthcare team pandemic morale booster. #delicious brookings health URL ",Joy,0.884355
9/29/2020,"boring tourist visit la vegas, nevada just chillin room drinking beer. fair business trip look home buy ð¡ #notallthatbad #chillinrelax #haveabeer #corona URL ",Joy,0.667177
9/29/2020,covid case climbing u.s. fauci warns 'we're good place' nbc news URL URL ,Confident,0.554113
9/29/2020,just posted photo quarantine &amp; chill URL ,Joy,0.764804
9/29/2020,"sign going up, shop &amp; showroom construction. ready! orw corona coming november 2020!! corona, california URL ",Joy,0.657387
9/29/2020,"impact covid, make difference life young man. check USER today make impact. everyman URL ",Joy,0.656901
9/29/2020,"fighting stigma: coronavirus ireland â 363 new case covid-19 confirmed person sadly dy ...: speaking today, acting chief medical officer dr ronan glynn said ""frontline defence"" killer bug adherenceâ¦ URL ",Sadness,0.657821
9/29/2020,itâs comforting know #neighborhood #frenchbakery cranking #french #pastry despite #pandemic #painauchocolat #timetomakethedonuts #lefournil #sidewalk #entertainment URL ,Analytical,0.743104
9/29/2020,"âitâs critical customer apply assistance covid-19 pandemic caused financial strain household business,â said shelee kimura, USER senior vice president customer service. apply financial assistance today URL URL ",Analytical,0.529208
9/29/2020,"quarantine ongoing ... #zhesphoto #fineart #art #photography #implied #sensual #fashion #style #famezhot #bedroom #window #boudoir #czechgirl #model #mood #lockdown #lonely #alone prague, czech republic URL ",Sadness,0.574037
9/29/2020,"itâs true fear, need expect change fear it! covid taught thing itâs world changed. successful people one comfort zone. URL ",Fear,0.858168
9/29/2020,covid rules: uk sort lockdown? URL URL ,Tentative,0.991679
9/29/2020,"aunz nroom â hall creek community leader recall day coronavirus entered remote indigenous community: ... hall creek western australia ""like bomb went off"", according ... m garstone, head yura yungi aboriginal medicalâ¦ URL ",Analytical,0.643965
9/29/2020,"just posted photo corona, california URL ",Joy,0.514146
9/29/2020,fighting stigma: 180 school make inquiry public health agency covid month: northern ireland. 180 school make inquiry public health agency covid month. peter weir said inquiry associated withâ ... URL ,Analytical,0.813431
9/29/2020,orchestra sounding beautiful today! #whswizards #inspire4 #covid wonât windsor high school (colorado) URL ,Joy,0.936824
9/29/2020,"haro bmx. bike showroom- finally! #teambandb #bmx #bikes #covid #race #getriding #moveit #2021 #local #shopsmall #usa #trek #haro #electra b&amp;b equipment; lawn, cycle, &amp; fitness URL ",Joy,0.833188
9/29/2020,life fun difficult times. look nice thing bad ð#wednesdaywisdom #wearamaskð· #staysafeeveryone #feathers #colours #covid_19 #relatives #happytimes iona robert URL ,Joy,0.603514
9/29/2020,"crash blocking right lane. #corona 91 (sr-91 riverside fwy) eb green river rd, stopped traffic imperial hwy #latraffic URL ",Anger,0.632096
9/29/2020,"pre-lockdown throwback: shonen knife dirty ghost control freak 2016! help, event like return over: URL delivery pick-up! #dnalounge #shonenknife #dirtyghosts #controlfreaks #livemusic... URL ",Fear,0.530645
9/29/2020,"!! sigalert !! crash blocking right lane fastrak left lane mainline. #corona 91 (sr-91 riverside fwy) eb hwy 71, stopped traffic gypsum cyn rd #latraffic URL ",Anger,0.764396
9/29/2020,USER ð¤£ pandemic too.. just stuck airport ,Sadness,0.694879
9/29/2020,"fighting stigma: new group formed supply evidence support nphet's covid-19 restrictions: health information quality authority (hiqa), health service ... professor primary care medicine, royal college surgeon ireland. URL ",Joy,0.541298
9/29/2020,"chart: albany county coronavirus tests, percent positive URL ",Joy,0.53675
9/29/2020,"cold? donât know mean. #furcoat #lockdown #groomersarerareashensteeth brunswick west, victoria URL ",Analytical,0.952933
9/29/2020,"aunz nroom â trust mäori vaccine gps, study suggests: new paper, 17,000 participant long-running new zealand attitude value study (nzavs) quizzed theirâ ... view article... URL ",Joy,0.533416
9/29/2020,"âitâs critical customer apply assistance covid-19 pandemic caused financial strain household business,â said shelee kimura, USER senior vice president customer service. apply financial assistance today URL URL ",Analytical,0.529208
9/29/2020,just posted photo bbnaija season lockdown URL ,Joy,0.549723
9/29/2020,"quarantine ongoing ... #zhesphoto #fineart #art #photography #implied #sensual #fashion #style #famezhot #bedroom #window #boudoir #czechgirl #model #mood #lockdown #lonely #alone prague, czech republic URL ",Sadness,0.574037
9/29/2020,USER info #covid_19 #w8m8 sunnybrook health science centre URL ,Joy,0.520523
9/29/2020,work continues home studio. happy contractor doing work. outside project taking time going city permit approval. patience!#workfromhome #homeprojects URL ,Joy,0.651196
9/29/2020,"make appointment toronto western save lot time, book day advance. make sure login 8am #covid_19 #w8time toronto western hospital URL ",Analytical,0.765814
9/29/2020,"currently riverððis closed publicð·ð·, photosð¸ð¸ videosðð allowed waterðð, pandemicâ£â£ accessibleð«ð«. #river #onlyphotos2020 URL ",Analytical,0.573521
9/29/2020,"difficult situation unknown time try best positive outlook, unknown. ð #dandeelionpublishing #dreambelieveachieve #covid19 worldwide URL ",Joy,0.751935
9/29/2020,"!! sigalert !! crash blocking right lane fastrak left lane mainline. #corona 91 (sr-91 riverside fwy) eb hwy 71, stopped traffic weir cyn rd/ yorba linda blvd #latraffic URL ",Anger,0.635054
9/29/2020,"quarantine ongoing ... #zhesphoto #fineart #art #photography #implied #sensual #fashion #style #famezhot #bedroom #window #boudoir #czechgirl #model #mood #lockdown #lonely #alone prague, czech republic URL ",Sadness,0.574037
9/29/2020,"pm trudeau take joint news conference following event â september 29, 2020: post pm trudeau take joint news conference following event â september 29, 2020 appeared weekly voice. URL #canada #covid19 #news ",Tentative,0.531174
9/29/2020,"fighting stigma: covid-19: death 363 new case confirmed ireland: speaking department health medium briefing evening, dr ronan glynn, acting chief medical officer, department health, said: âpublic buyâ ... URL ",Sadness,0.530253
9/29/2020,fighting stigma: 320 covid case ni hospitality bos say 11pm curfew 'lead anti-social ...: chief medical officer urge cross-border travel ireland â· latestâ ... URL ,Fear,0.568645
9/29/2020,whats sad government let uif company advantage sacans URL ,Sadness,0.838041
9/29/2020,"essential signage chic event covid...or anytime! #sanitizeeverything new orleans, louisiana URL ",Tentative,0.987926
9/29/2020,free covid-19 testing site kino sport complex #traffic URL ,Analytical,0.724236
9/29/2020,just posted photo corona del mar URL ,Tentative,0.91961
9/29/2020,"âitâs critical customer apply assistance covid-19 pandemic caused financial strain household business,â said shelee kimura, USER senior vice president customer service. apply financial assistance today URL URL ",Analytical,0.529208
9/29/2020,"happy birthday best girls. weâve adventure best come. year covid birthday, year *practically magic.* love much! happy birthday!! URL ",Joy,0.985414
9/29/2020,"quarantine ongoing ... #zhesphoto #fineart #art #photography #implied #sensual #fashion #style #famezhot #bedroom #window #boudoir #czechgirl #model #mood #lockdown #lonely #alone prague, czech republic URL ",Sadness,0.574037
9/29/2020,"#repost USER just friendly daily reminder wear face covering (over mouth nose) help #slowthespread #covid19. #readyinglewood #keepthatmaskon inglewood, california URL ",Tentative,0.902459
9/29/2020,great swim morning bit chilly!! ððððð great monday everyoneâ¤â¤â¤â¤!!! #longbeachswimmer #livinglife #gloriarincon #wearamask #swimming #swimmerforlife belmont plaza olympic pool URL ,Joy,0.880541
9/29/2020,#borishasfailedtheuk having proper haircut 1975 blaming #lockdown ,Anger,0.612998
9/29/2020,thing illegal new coronavirus law URL ,Anger,0.522557
9/29/2020,fighting stigma: van morrison call health minister 'prove science' covid restrictions: âwe northern ireland proud fact greatest music legend past 50 year come world. URL ,Joy,0.775298
9/29/2020,"USER USER correct information readily available, chooses spread misinformation support dangerous voter intimidation. #phillyvotes #pavotes #votehimout URL ",Analytical,0.910854
9/29/2020,"USER lie, laughable weren't it. maybe want actually read facts. #thread URL ",Analytical,0.979934
9/29/2020,so...never happen before...tsa checkpoint closed 3:30pm. covid! (said best seinfeld newman impersonation) #firsttimethatshappened #lifeontheroad #consultinglife baton rouge metro airport URL ,Confident,0.79901
9/29/2020,covid-19 update overall piedmont area #traffic URL ,Tentative,0.681699
9/29/2020,"thk nroom â parent relieved, child excited: hong kong school fully reopen time coronavirus ...: nearly 900,000 pupil hong kong school kindergarten returned classroom tuesday time thanâ¦ URL ",Joy,0.670938
9/29/2020,"social distancing people, coffee. ðâï¸ #nationalcoffeeday boston, massachusetts URL ",Joy,0.593376
9/29/2020,"don't stop living, safe! use wisdom home bubble just social dis, wear masks, wash hands, walk agape love, stay prayed up!ðð·ðªðð¤â¤ï¸ðð¯ southern belle riverboat URL ",Joy,0.72622
9/29/2020,deserves post itâs cause personal style important... goodbye long quarantine hair experiments! kuyaâs getting haircut sooooon. ðððð¼ #nationalsonday brooklyn bridge park URL ,Analytical,0.560356
9/29/2020,"sitting work home station, wondering iâll flying again. ð¤#dji #dronephotography #dronevideos #mavicair2 #lighthouse cheasapeake bay URL ",Tentative,0.920133
9/29/2020,early data show promising result regeneron's antibody cocktail coronavirus cnn URL URL ,Joy,0.50222
9/29/2020,"fighting stigma: statement national public health emergency team tuesday 29 september: total 1,803 covid-19 related death ireland. midnight monday 28 september, hpsc notified 363â ... URL ",Sadness,0.509589
9/29/2020,"rented cottage past pandemic real estate crazy. night one. sigh. bala, ontario URL ",Sadness,0.528569
9/29/2020,know trav smiling lessons? send dm!!! #love #boyfriend #socialdistancing #outdoors #wine #pizza #nyc hopewell valley vineyard URL ,Joy,0.935989
9/29/2020,"slowly getting out. business purpose only. masked up, contactless socially distant way! #entrepreneur #cali #socialdistancing pacific palisade beach URL ",Joy,0.724591
9/29/2020,"#wearamask #vote #staysafe #protectothers #mask new york, new york URL ",Analytical,0.735673
9/29/2020,free hot meal meadowview community today 5pm-6:30pm (while supply last). 2450 meadowview rd. sacramento ca. wear mask ð· durning pick up. samuel pannell meadowview community center URL ,Analytical,0.894378
9/29/2020,karina alex's intimate trevenna barn covid wedding cornwall URL ,Joy,0.573135
9/29/2020,"fighting stigma â university sherbrooke release study psychological impact pandemic quebecers: victim stigma include people tested positive come contact positive case, young adults, healthcare workers,â¦ URL ",Confident,0.782893
